{"stats":{"minecraft:picked_up":{"minecraft:fishing_rod":1,"minecraft:crafting_table":11,"byg:soapstone":5,"minecraft:gold_block":3,"minecraft:amethyst_block":7,"minecraft:string":10,"windswept:holly_berries":1,"minecraft:cobbled_deepslate":50,"delightful:acorn":1,"minecraft:beef":9,"minecraft:calcite":3,"minecraft:furnace":9,"minecraft:stick":9,"minecraft:raw_iron":114,"minecraft:oak_fence":2,"minecraft:torch":2,"quark:blossom_log":10,"minecraft:porkchop":12,"minecraft:diorite":14,"minecraft:stone_sword":1,"minecraft:arrow":8,"minecraft:rotten_flesh":4,"minecraft:mutton":7,"minecraft:snowball":31,"minecraft:bone_block":1,"minecraft:white_wool":6,"minecraft:cobblestone":131,"minecraft:andesite":9,"minecraft:leather":5,"minecraft:tuff":1,"minecraft:oak_log":49,"byg:orchard_sapling":7,"minecraft:dirt":18,"culturaldelights:glow_squid":1,"minecraft:bone":9,"minecraft:apple":29,"minecraft:stone_bricks":2,"minecraft:bow":2,"delightful:mini_melon":23,"minecraft:wheat_seeds":1,"minecraft:raw_gold":32,"minecraft:stone_pickaxe":1,"galosphere:raw_silver":1,"twigs:twig":2,"minecraft:oak_planks":5,"minecraft:smooth_basalt":3,"minecraft:white_bed":1,"minecraft:spider_eye":1,"minecraft:diamond":4,"minecraft:stone_axe":1,"minecraft:granite":13,"minecraft:oak_sapling":3,"twigs:rhyolite":10,"minecraft:coal":223,"minecraft:sunflower":1},"minecraft:broken":{"minecraft:stone_sword":1,"minecraft:wooden_pickaxe":1,"minecraft:iron_axe":1,"minecraft:wooden_sword":1},"minecraft:crafted":{"minecraft:oak_planks":136,"minecraft:melon_slice":69,"minecraft:furnace":2,"minecraft:bone_meal":15,"minecraft:cooked_mutton":5,"minecraft:iron_boots":1,"minecraft:iron_axe":2,"minecraft:stone_pickaxe":5,"minecraft:cooked_beef":9,"minecraft:wooden_shovel":2,"quark:blossom_planks":40,"minecraft:cooked_porkchop":12,"minecraft:crafting_table":3,"minecraft:wooden_pickaxe":3,"minecraft:iron_helmet":1,"minecraft:bucket":2,"minecraft:stone_axe":2,"minecraft:iron_chestplate":1,"minecraft:stick":60,"minecraft:iron_ingot":78,"minecraft:iron_pickaxe":1,"minecraft:iron_shovel":1,"minecraft:gold_ingot":27,"minecraft:iron_leggings":1,"minecraft:white_bed":1,"minecraft:torch":88},"minecraft:dropped":{"byg:biomepedia":1,"minecraft:wheat_seeds":1,"quark:blossom_planks":15,"minecraft:oak_fence":2,"minecraft:cobblestone":2,"windswept:holly_berries":1,"minecraft:amethyst_block":7,"minecraft:leather":5,"minecraft:granite":13,"minecraft:stick":13,"byg:orchard_sapling":7,"minecraft:dirt":11,"galosphere:raw_silver":1,"minecraft:diorite":14,"byg:soapstone":5,"delightful:acorn":1,"minecraft:bone_meal":15,"minecraft:bone_block":1,"minecraft:sunflower":1,"minecraft:string":4,"minecraft:fishing_rod":2,"minecraft:white_wool":3,"twigs:twig":1,"minecraft:smooth_basalt":3,"twigs:rhyolite":10,"minecraft:stone_axe":3,"alexsmobs:animal_dictionary":1,"minecraft:cobbled_deepslate":41,"minecraft:tuff":1,"minecraft:rotten_flesh":4,"minecraft:andesite":8,"minecraft:leather_boots":2,"minecraft:wooden_shovel":2,"minecraft:bow":2,"minecraft:wooden_pickaxe":2,"minecraft:stone_pickaxe":6,"minecraft:calcite":3},"minecraft:used":{"minecraft:stone_sword":7,"minecraft:iron_shovel":58,"minecraft:shield":7,"minecraft:wooden_shovel":10,"minecraft:torch":85,"minecraft:dirt":5,"minecraft:lava_bucket":6,"minecraft:iron_axe":205,"minecraft:oak_sapling":3,"minecraft:furnace":9,"culturaldelights:glow_squid":1,"minecraft:cobbled_deepslate":9,"minecraft:cooked_mutton":3,"minecraft:water_bucket":2,"minecraft:oak_planks":48,"minecraft:stone_pickaxe":370,"minecraft:wooden_pickaxe":89,"farmersdelight:onion":15,"minecraft:crafting_table":13,"minecraft:white_bed":1,"minecraft:bread":14,"minecraft:melon_slice":30,"minecraft:iron_pickaxe":68,"minecraft:stone_axe":66,"twigs:twig":1,"minecraft:wooden_sword":63,"minecraft:cobblestone":92,"minecraft:andesite":1,"minecraft:cooked_porkchop":1,"minecraft:bucket":10,"alexsmobs:animal_dictionary":1,"minecraft:experience_bottle":2},"minecraft:custom":{"minecraft:mob_kills":82,"minecraft:interact_with_crafting_table":25,"minecraft:open_barrel":4,"goblintraders:trade_with_goblin":5,"minecraft:leave_game":6,"minecraft:time_since_death":21588,"minecraft:climb_one_cm":4909,"minecraft:sprint_one_cm":240132,"minecraft:walk_one_cm":330256,"minecraft:damage_blocked_by_shield":320,"minecraft:drop":66,"minecraft:play_time":131322,"minecraft:sneak_time":3568,"minecraft:deaths":3,"minecraft:walk_under_water_one_cm":4357,"minecraft:jump":1774,"minecraft:walk_on_water_one_cm":11609,"minecraft:total_world_time":131322,"minecraft:interact_with_furnace":49,"minecraft:interact_with_loom":1,"minecraft:time_since_rest":21726,"minecraft:damage_taken":2300,"minecraft:damage_dealt":12793,"minecraft:swim_one_cm":17599,"minecraft:fly_one_cm":283514,"minecraft:open_chest":13,"minecraft:crouch_one_cm":6408,"minecraft:fall_one_cm":38740},"minecraft:mined":{"minecraft:tuff":1,"minecraft:white_bed":1,"minecraft:mossy_cobblestone":4,"immersive_weathering:byg/orchard_leaf_pile":33,"minecraft:deepslate_diamond_ore":4,"excavated_variants:byg_soapstone_iron_ore":11,"minecraft:cobblestone_stairs":1,"minecraft:granite":14,"minecraft:budding_amethyst":1,"minecraft:grass_block":3,"byg:flower_patch":1,"excavated_variants:granite_coal_ore":7,"minecraft:furnace":9,"minecraft:iron_ore":71,"minecraft:cobbled_deepslate":2,"minecraft:snow":5,"minecraft:andesite":9,"minecraft:gold_block":3,"minecraft:deepslate_iron_ore":25,"minecraft:oak_stairs":3,"byg:apple_fruit_block":3,"minecraft:stone":118,"minecraft:bone_block":3,"minecraft:white_wool":4,"immersive_weathering:cryosol":2,"minecraft:oak_slab":2,"minecraft:snow_block":11,"minecraft:powder_snow":43,"minecraft:oak_fence":6,"minecraft:crafting_table":11,"minecraft:calcite":3,"excavated_variants:diorite_iron_ore":1,"quark:blossom_log":10,"galosphere:silver_ore":1,"minecraft:tall_grass":1,"minecraft:cobblestone":17,"immersive_weathering:byg/flowering_orchard_leaf_pile":6,"minecraft:deepslate_gold_ore":35,"excavated_variants:andesite_iron_ore":4,"minecraft:oak_planks":5,"minecraft:diorite":14,"minecraft:wall_torch":1,"minecraft:amethyst_block":8,"byg:soapstone":5,"byg:orchard_leaves":8,"windswept:holly_leaves":2,"minecraft:smooth_stone_slab":1,"minecraft:grass":16,"minecraft:oak_log":49,"minecraft:coal_ore":74,"delightful:mini_melon":23,"minecraft:sunflower":1,"byg:ripe_orchard_leaves":4,"minecraft:dirt":16,"minecraft:cobweb":7,"structure_gel:dynamic_spawner":4,"minecraft:smooth_basalt":3,"twigs:rhyolite":10,"byg:flowering_orchard_leaves":1,"minecraft:stone_bricks":2,"minecraft:mossy_stone_bricks":1,"minecraft:oak_leaves":4,"minecraft:deepslate":43},"minecraft:killed_by":{"minecraft:creeper":1,"rottencreatures:undead_miner":1},"minecraft:killed":{"minecraft:vex":3,"minecraft:spider":12,"quark:toretoise":2,"minecraft:skeleton":7,"rottencreatures:undead_miner":1,"minecraft:pig":8,"minecraft:creeper":2,"minecraft:sheep":4,"minecraft:pillager":1,"minecraft:zombie":33,"minecraft:cow":6}},"DataVersion":3120}