{"stats":{"minecraft:killed":{"rottencreatures:undead_miner":1,"minecraft:pig":8,"quark:toretoise":2,"minecraft:creeper":2,"minecraft:sheep":2,"minecraft:skeleton":6,"minecraft:zombie":15,"minecraft:cow":5},"minecraft:custom":{"minecraft:interact_with_furnace":44,"minecraft:mob_kills":41,"minecraft:interact_with_crafting_table":19,"goblintraders:trade_with_goblin":5,"minecraft:leave_game":2,"minecraft:time_since_death":8147,"minecraft:time_since_rest":8239,"minecraft:sprint_one_cm":116476,"minecraft:damage_taken":1150,"minecraft:walk_one_cm":163046,"minecraft:damage_blocked_by_shield":225,"minecraft:drop":34,"minecraft:damage_dealt":7639,"minecraft:swim_one_cm":2854,"minecraft:fly_one_cm":134596,"minecraft:open_chest":2,"minecraft:play_time":64656,"minecraft:crouch_one_cm":2398,"minecraft:sneak_time":1738,"minecraft:deaths":2,"minecraft:walk_under_water_one_cm":833,"minecraft:jump":705,"minecraft:walk_on_water_one_cm":4766,"minecraft:total_world_time":64656,"minecraft:fall_one_cm":16780},"minecraft:crafted":{"minecraft:cooked_beef":7,"minecraft:oak_planks":32,"minecraft:wooden_shovel":2,"quark:blossom_planks":40,"minecraft:cooked_porkchop":12,"minecraft:crafting_table":3,"minecraft:melon_slice":21,"minecraft:wooden_pickaxe":3,"minecraft:iron_helmet":1,"minecraft:furnace":2,"minecraft:bucket":2,"minecraft:bone_meal":15,"minecraft:stone_axe":2,"minecraft:cooked_mutton":1,"minecraft:iron_boots":1,"minecraft:iron_chestplate":1,"minecraft:iron_axe":1,"minecraft:stick":56,"minecraft:iron_ingot":78,"minecraft:iron_pickaxe":1,"minecraft:stone_pickaxe":5,"minecraft:iron_leggings":1,"minecraft:torch":88},"minecraft:dropped":{"byg:biomepedia":1,"twigs:rhyolite":10,"minecraft:stone_axe":3,"minecraft:wheat_seeds":1,"minecraft:cobbled_deepslate":37,"alexsmobs:animal_dictionary":1,"minecraft:tuff":1,"minecraft:rotten_flesh":2,"minecraft:leather":3,"minecraft:granite":13,"minecraft:dirt":11,"minecraft:diorite":14,"byg:soapstone":5,"minecraft:andesite":8,"minecraft:leather_boots":2,"minecraft:wooden_shovel":2,"delightful:acorn":1,"minecraft:sunflower":1,"minecraft:wooden_pickaxe":2,"minecraft:stone_pickaxe":4},"minecraft:broken":{"minecraft:wooden_sword":1,"minecraft:wooden_pickaxe":1},"minecraft:killed_by":{"minecraft:creeper":1,"rottencreatures:undead_miner":1},"minecraft:picked_up":{"minecraft:crafting_table":9,"byg:soapstone":5,"minecraft:andesite":8,"minecraft:leather":3,"minecraft:tuff":1,"minecraft:oak_log":14,"minecraft:dirt":15,"culturaldelights:glow_squid":1,"minecraft:bone":7,"minecraft:bow":2,"delightful:mini_melon":7,"minecraft:wheat_seeds":1,"minecraft:cobbled_deepslate":46,"minecraft:raw_gold":26,"delightful:acorn":1,"minecraft:beef":7,"minecraft:stone_pickaxe":1,"twigs:twig":1,"minecraft:furnace":7,"minecraft:raw_iron":79,"minecraft:torch":1,"quark:blossom_log":10,"minecraft:porkchop":12,"minecraft:diorite":14,"minecraft:arrow":3,"minecraft:rotten_flesh":3,"minecraft:diamond":4,"minecraft:stone_axe":1,"minecraft:granite":13,"twigs:rhyolite":10,"minecraft:oak_sapling":3,"minecraft:mutton":3,"minecraft:coal":160,"minecraft:white_wool":2,"minecraft:cobblestone":115,"minecraft:sunflower":1},"minecraft:used":{"minecraft:stone_pickaxe":258,"minecraft:wooden_pickaxe":89,"minecraft:shield":4,"minecraft:wooden_shovel":10,"minecraft:torch":69,"minecraft:dirt":4,"minecraft:crafting_table":9,"minecraft:bread":3,"minecraft:iron_axe":38,"minecraft:melon_slice":21,"minecraft:iron_pickaxe":48,"twigs:twig":1,"minecraft:wooden_sword":63,"minecraft:stone_axe":66,"minecraft:cobblestone":18,"minecraft:furnace":7,"minecraft:oak_sapling":3,"minecraft:cooked_porkchop":1,"culturaldelights:glow_squid":1,"alexsmobs:animal_dictionary":1,"minecraft:cobbled_deepslate":3},"minecraft:mined":{"minecraft:tuff":1,"minecraft:deepslate_diamond_ore":4,"excavated_variants:byg_soapstone_iron_ore":11,"minecraft:crafting_table":9,"minecraft:granite":14,"excavated_variants:diorite_iron_ore":1,"minecraft:grass_block":2,"quark:blossom_log":10,"minecraft:tall_grass":1,"minecraft:deepslate_gold_ore":29,"minecraft:diorite":14,"byg:soapstone":5,"minecraft:furnace":7,"minecraft:iron_ore":40,"minecraft:andesite":8,"minecraft:grass":8,"minecraft:oak_log":14,"minecraft:coal_ore":64,"delightful:mini_melon":7,"minecraft:deepslate_iron_ore":25,"minecraft:sunflower":1,"minecraft:dirt":13,"twigs:rhyolite":10,"minecraft:stone":115,"minecraft:oak_leaves":4,"minecraft:deepslate":42}},"DataVersion":3120}