{"stats":{"minecraft:picked_up":{"minecraft:fishing_rod":1,"minecraft:crafting_table":13,"byg:soapstone":11,"byg:lush_dirt":1,"minecraft:gold_block":3,"windswept:holly_sapling":2,"minecraft:amethyst_block":7,"spirit:broken_spawner":1,"minecraft:cornflower":1,"minecraft:raw_copper":11,"minecraft:string":10,"neapolitan:banana_bunch":2,"windswept:holly_berries":4,"minecraft:cobbled_deepslate":50,"minecraft:spruce_planks":5,"delightful:acorn":1,"minecraft:beef":9,"minecraft:calcite":6,"minecraft:spruce_trapdoor":1,"minecraft:furnace":11,"minecraft:egg":2,"minecraft:tipped_arrow":7,"minecraft:stick":18,"minecraft:raw_iron":114,"minecraft:oak_fence":2,"minecraft:torch":2,"quark:blossom_log":10,"minecraft:porkchop":15,"minecraft:diorite":14,"minecraft:stone_sword":1,"minecraft:arrow":36,"minecraft:rotten_flesh":4,"minecraft:hay_block":6,"byg:yellow_tulip":1,"minecraft:gold_ingot":1,"minecraft:mutton":7,"minecraft:bone_block":1,"minecraft:snowball":82,"minecraft:white_wool":10,"minecraft:cobblestone":168,"byg:red_maple_sapling":6,"minecraft:andesite":14,"immersive_weathering:spruce_bark":1,"minecraft:leather":5,"minecraft:ice":20,"minecraft:flint":4,"delightful:cantaloupe":12,"minecraft:tuff":1,"minecraft:oak_log":49,"byg:orchard_sapling":7,"minecraft:yellow_bed":6,"minecraft:dirt":55,"minecraft:lantern":10,"windswept:holly_log":4,"culturaldelights:glow_squid":1,"minecraft:bone":26,"minecraft:apple":30,"minecraft:stone_bricks":2,"minecraft:bow":2,"delightful:mini_melon":45,"minecraft:wheat_seeds":1,"minecraft:raw_gold":32,"minecraft:rabbit_hide":3,"minecraft:stone_pickaxe":1,"galosphere:raw_silver":1,"twigs:twig":5,"minecraft:oak_planks":8,"minecraft:book":1,"byg:maple_log":50,"minecraft:smooth_basalt":3,"minecraft:stripped_spruce_log":2,"minecraft:white_bed":1,"minecraft:spruce_log":13,"minecraft:spider_eye":1,"minecraft:diamond":4,"minecraft:stone_axe":1,"minecraft:granite":13,"minecraft:oak_sapling":3,"twigs:rhyolite":10,"minecraft:coal":255,"minecraft:sunflower":1},"minecraft:broken":{"minecraft:stone_sword":1,"minecraft:wooden_pickaxe":1,"minecraft:iron_axe":1,"minecraft:wooden_sword":1},"minecraft:crafted":{"delightful:cantaloupe_slice":36,"minecraft:oak_planks":196,"windswept:holly_planks":16,"minecraft:melon_slice":135,"minecraft:furnace":2,"minecraft:bone_meal":15,"minecraft:cooked_mutton":5,"minecraft:iron_boots":1,"minecraft:iron_axe":3,"minecraft:stone_pickaxe":5,"minecraft:wheat":54,"minecraft:cooked_beef":9,"blue_skies:blue_journal":1,"minecraft:wooden_shovel":2,"quark:blossom_planks":40,"minecraft:cooked_porkchop":12,"minecraft:crafting_table":3,"minecraft:spruce_planks":56,"minecraft:wooden_pickaxe":3,"minecraft:iron_helmet":1,"minecraft:bucket":2,"minecraft:stone_axe":2,"minecraft:bread":18,"minecraft:blue_dye":1,"minecraft:iron_chestplate":1,"minecraft:golden_apple":3,"minecraft:stick":64,"minecraft:iron_ingot":119,"minecraft:iron_pickaxe":1,"minecraft:snow_block":11,"minecraft:iron_shovel":1,"minecraft:iron_leggings":1,"minecraft:gold_ingot":59,"minecraft:white_bed":2,"minecraft:torch":100},"minecraft:dropped":{"byg:biomepedia":1,"minecraft:iron_ingot":3,"minecraft:wheat_seeds":1,"byg:red_maple_sapling":6,"quark:blossom_planks":15,"minecraft:oak_fence":2,"minecraft:cobblestone":2,"minecraft:amethyst_block":7,"minecraft:leather":5,"windswept:holly_berries":3,"minecraft:granite":13,"windswept:holly_sapling":2,"minecraft:golden_apple":1,"minecraft:stick":23,"byg:orchard_sapling":7,"minecraft:dirt":14,"galosphere:raw_silver":1,"minecraft:diorite":14,"byg:soapstone":5,"immersive_weathering:spruce_bark":1,"minecraft:snowball":38,"byg:yellow_tulip":1,"delightful:acorn":1,"minecraft:bone_block":1,"minecraft:bone_meal":15,"minecraft:sunflower":1,"minecraft:iron_axe":1,"minecraft:string":4,"minecraft:fishing_rod":2,"minecraft:white_wool":3,"minecraft:bone":8,"twigs:twig":4,"minecraft:smooth_basalt":3,"minecraft:snow_block":4,"twigs:rhyolite":10,"minecraft:stone_axe":3,"alexsmobs:animal_dictionary":1,"minecraft:cobbled_deepslate":41,"minecraft:tuff":1,"neapolitan:banana_bunch":2,"minecraft:rotten_flesh":4,"minecraft:name_tag":1,"minecraft:andesite":8,"minecraft:leather_boots":2,"minecraft:wooden_shovel":2,"minecraft:bow":2,"minecraft:stone_pickaxe":6,"minecraft:wooden_pickaxe":2,"minecraft:calcite":3},"minecraft:used":{"minecraft:stone_sword":7,"minecraft:iron_shovel":75,"windswept:holly_berries":1,"minecraft:spruce_planks":5,"minecraft:shield":23,"minecraft:wooden_shovel":10,"minecraft:torch":94,"minecraft:dirt":33,"byg:lush_dirt":1,"minecraft:lava_bucket":6,"minecraft:iron_axe":390,"minecraft:oak_sapling":3,"minecraft:furnace":11,"culturaldelights:glow_squid":1,"minecraft:egg":2,"minecraft:cooked_beef":1,"minecraft:cobbled_deepslate":9,"minecraft:cooked_mutton":3,"minecraft:water_bucket":20,"minecraft:snow_block":7,"minecraft:oak_planks":152,"minecraft:stone_pickaxe":370,"minecraft:wooden_pickaxe":89,"farmersdelight:onion":15,"minecraft:crafting_table":15,"minecraft:crossbow":2,"minecraft:white_bed":3,"minecraft:apple":1,"minecraft:bread":14,"minecraft:melon_slice":115,"minecraft:iron_pickaxe":139,"minecraft:stone_axe":66,"twigs:twig":1,"windswept:holly_planks":12,"minecraft:wooden_sword":63,"minecraft:cobblestone":92,"minecraft:andesite":1,"minecraft:cooked_porkchop":1,"minecraft:bucket":28,"minecraft:yellow_bed":6,"minecraft:ice":1,"alexsmobs:animal_dictionary":1,"minecraft:experience_bottle":2},"minecraft:custom":{"minecraft:mob_kills":102,"minecraft:interact_with_crafting_table":37,"minecraft:open_barrel":13,"goblintraders:trade_with_goblin":5,"minecraft:leave_game":10,"minecraft:time_since_death":3179,"minecraft:climb_one_cm":14587,"minecraft:sprint_one_cm":634514,"minecraft:walk_one_cm":544176,"minecraft:damage_blocked_by_shield":995,"minecraft:drop":99,"minecraft:talked_to_villager":7,"minecraft:play_time":258935,"minecraft:sneak_time":7791,"minecraft:deaths":13,"minecraft:walk_under_water_one_cm":31184,"minecraft:jump":4503,"minecraft:walk_on_water_one_cm":42615,"minecraft:total_world_time":258935,"minecraft:interact_with_furnace":87,"minecraft:traded_with_villager":1,"minecraft:interact_with_loom":1,"minecraft:sleep_in_bed":4,"minecraft:waystone_activated":3,"minecraft:time_since_rest":3231,"minecraft:damage_taken":5604,"minecraft:damage_dealt":15952,"minecraft:swim_one_cm":38252,"minecraft:fly_one_cm":879831,"minecraft:open_chest":28,"minecraft:crouch_one_cm":17399,"minecraft:fall_one_cm":118402},"minecraft:mined":{"byg:maple_log":56,"minecraft:tuff":1,"byg:clover_patch":1,"minecraft:spruce_planks":6,"minecraft:white_bed":1,"immersive_weathering:byg/orchard_leaf_pile":33,"minecraft:mossy_cobblestone":4,"minecraft:deepslate_diamond_ore":4,"excavated_variants:byg_soapstone_iron_ore":11,"minecraft:cobblestone_stairs":1,"byg:white_sage":2,"minecraft:spruce_trapdoor":1,"minecraft:granite":14,"minecraft:budding_amethyst":1,"minecraft:grass_block":12,"byg:flower_patch":1,"excavated_variants:granite_coal_ore":7,"minecraft:spawner":1,"minecraft:hay_block":6,"neapolitan:banana_bundle":1,"minecraft:furnace":11,"windswept:holly_log":4,"minecraft:fire":2,"minecraft:iron_ore":71,"minecraft:cobbled_deepslate":2,"minecraft:snow":6,"minecraft:andesite":15,"minecraft:stripped_spruce_log":3,"minecraft:gold_block":3,"minecraft:deepslate_iron_ore":25,"minecraft:oak_stairs":3,"minecraft:lantern":10,"minecraft:packed_ice":5,"byg:apple_fruit_block":6,"minecraft:stone":155,"minecraft:bone_block":3,"minecraft:white_wool":4,"immersive_weathering:windswept/holly_leaf_pile":1,"immersive_weathering:cryosol":2,"minecraft:oak_slab":2,"minecraft:snow_block":12,"minecraft:powder_snow":80,"minecraft:oak_fence":6,"minecraft:cornflower":1,"minecraft:crafting_table":14,"excavated_variants:diorite_iron_ore":1,"minecraft:calcite":3,"quark:blossom_log":10,"galosphere:silver_ore":1,"byg:yellow_tulip":1,"minecraft:copper_ore":3,"minecraft:tall_grass":1,"minecraft:cobblestone":17,"excavated_variants:andesite_iron_ore":4,"minecraft:deepslate_gold_ore":35,"immersive_weathering:byg/flowering_orchard_leaf_pile":6,"minecraft:oak_planks":8,"minecraft:diorite":14,"minecraft:wall_torch":1,"byg:lush_grass_block":5,"minecraft:amethyst_block":8,"byg:soapstone":11,"byg:orchard_leaves":8,"byg:lush_dirt":6,"delightful:cantaloupe":12,"minecraft:ice":6,"minecraft:spruce_log":28,"byg:red_maple_leaves":2,"minecraft:yellow_bed":6,"windswept:holly_leaves":13,"minecraft:smooth_stone_slab":1,"minecraft:grass":23,"minecraft:oak_log":49,"minecraft:coal_ore":74,"delightful:mini_melon":46,"byg:ripe_orchard_leaves":4,"minecraft:sunflower":1,"minecraft:dirt":28,"structure_gel:dynamic_spawner":4,"minecraft:cobweb":7,"minecraft:smooth_basalt":3,"twigs:rhyolite":10,"immersive_weathering:byg/red_maple_leaf_pile":59,"byg:flowering_orchard_leaves":1,"minecraft:stone_bricks":2,"minecraft:mossy_stone_bricks":1,"minecraft:oak_leaves":4,"minecraft:deepslate":43},"minecraft:killed_by":{"minecraft:player":1,"minecraft:stray":5,"minecraft:creeper":2,"alexsmobs:tusklin":2,"rottencreatures:undead_miner":1},"minecraft:killed":{"minecraft:vex":3,"minecraft:spider":12,"quark:toretoise":2,"minecraft:skeleton":7,"alexsmobs:tusklin":1,"rottencreatures:undead_miner":1,"minecraft:pig":8,"minecraft:rabbit":1,"minecraft:creeper":2,"minecraft:sheep":5,"minecraft:pillager":1,"minecraft:zombie":33,"minecraft:stray":11,"minecraft:cow":6}},"DataVersion":3120}