{"stats":{"minecraft:killed":{"minecraft:sheep":4,"minecraft:skeleton":3,"minecraft:zombie":1,"minecraft:cow":12},"minecraft:custom":{"minecraft:interact_with_furnace":11,"minecraft:mob_kills":21,"minecraft:interact_with_crafting_table":5,"minecraft:open_barrel":2,"minecraft:leave_game":7,"minecraft:time_since_death":0,"minecraft:climb_one_cm":626,"minecraft:time_since_rest":9310,"minecraft:sprint_one_cm":87907,"minecraft:damage_taken":969,"minecraft:walk_one_cm":87244,"minecraft:drop":13,"minecraft:damage_dealt":2378,"minecraft:swim_one_cm":10678,"minecraft:fly_one_cm":128298,"minecraft:open_chest":2,"minecraft:play_time":60711,"minecraft:crouch_one_cm":4687,"minecraft:deaths":1,"minecraft:sneak_time":1078,"minecraft:walk_under_water_one_cm":2989,"minecraft:jump":717,"minecraft:walk_on_water_one_cm":1697,"minecraft:total_world_time":60711,"minecraft:fall_one_cm":18462},"minecraft:crafted":{"minecraft:cooked_beef":16,"minecraft:oak_planks":28,"minecraft:crafting_table":1,"minecraft:furnace":1,"minecraft:stone_axe":1,"minecraft:cooked_mutton":2,"minecraft:air":0,"minecraft:stick":12,"minecraft:stone_pickaxe":1,"minecraft:stone_sword":1,"minecraft:torch":20},"minecraft:dropped":{"byg:biomepedia":1,"minecraft:wheat_seeds":1,"minecraft:iron_nugget":1,"alexsmobs:animal_dictionary":1,"minecraft:rotten_flesh":2,"galosphere:raw_silver":1,"minecraft:cornflower":1,"minecraft:oak_sapling":4,"farmersdelight:onion":1,"minecraft:wooden_sword":1,"minecraft:pumpkin":1,"minecraft:stone_pickaxe":1},"minecraft:killed_by":{"minecraft:zombie":1},"minecraft:picked_up":{"minecraft:wheat":9,"minecraft:crafting_table":3,"vinery:red_grape":1,"byg:soapstone":6,"byg:lush_dirt":2,"minecraft:andesite":10,"minecraft:leather":11,"minecraft:oak_log":7,"minecraft:gunpowder":2,"minecraft:cornflower":1,"spirit:broken_spawner":2,"minecraft:smooth_stone_slab":1,"minecraft:bone":1,"delightful:mini_melon":3,"minecraft:wheat_seeds":25,"minecraft:beef":25,"minecraft:stone_pickaxe":1,"galosphere:raw_silver":1,"minecraft:furnace":1,"minecraft:pumpkin":2,"minecraft:arrow":3,"minecraft:rotten_flesh":2,"minecraft:hay_block":1,"minecraft:oak_sapling":4,"minecraft:white_wool":4,"minecraft:mutton":6,"minecraft:coal":28,"minecraft:cobblestone":46},"minecraft:mined":{"minecraft:crafting_table":3,"minecraft:cornflower":1,"galosphere:silver_ore":1,"minecraft:tall_grass":3,"byg:lush_grass_block":2,"minecraft:spawner":1,"minecraft:hay_block":1,"byg:soapstone":6,"excavated_variants:byg_soapstone_coal_ore":3,"minecraft:furnace":1,"minecraft:wheat":10,"minecraft:andesite":9,"minecraft:pumpkin":1,"minecraft:smooth_stone_slab":1,"minecraft:grass":24,"minecraft:oak_log":7,"minecraft:coal_ore":11,"delightful:mini_melon":4,"structure_gel:dynamic_spawner":1,"minecraft:stone":50,"excavated_variants:andesite_coal_ore":10,"immersive_weathering:oak_leaf_pile":1,"excavated_variants:diorite_coal_ore":4},"minecraft:used":{"minecraft:cooked_mutton":2,"minecraft:stone_sword":78,"minecraft:stone_pickaxe":98,"minecraft:oak_planks":8,"minecraft:torch":15,"minecraft:crafting_table":3,"delightful:mini_melon":3,"byg:lush_dirt":2,"minecraft:bread":9,"byg:soapstone":6,"minecraft:wooden_sword":7,"minecraft:stone_axe":1,"minecraft:cobblestone":30,"minecraft:furnace":1,"minecraft:andesite":10,"minecraft:smooth_stone_slab":1,"alexsmobs:animal_dictionary":3,"minecraft:cooked_beef":2}},"DataVersion":3120}