{"stats":{"minecraft:picked_up":{"minecraft:wheat":9,"minecraft:crafting_table":7,"vinery:red_grape":1,"byg:soapstone":6,"byg:lush_dirt":2,"minecraft:ladder":1,"minecraft:andesite":10,"minecraft:leather":11,"minecraft:oak_log":62,"byg:orchard_sapling":9,"minecraft:gunpowder":4,"minecraft:dirt":1,"minecraft:cornflower":1,"minecraft:string":9,"spirit:broken_spawner":2,"minecraft:smooth_stone_slab":1,"minecraft:bone":1,"minecraft:apple":64,"delightful:mini_melon":3,"minecraft:wheat_seeds":25,"comforts:sleeping_bag_white":1,"minecraft:beef":26,"minecraft:stone_pickaxe":1,"galosphere:raw_silver":1,"twigs:twig":3,"minecraft:oak_planks":1,"minecraft:furnace":2,"minecraft:raw_iron":20,"minecraft:stick":1,"minecraft:pumpkin":2,"minecraft:mossy_cobblestone":1,"minecraft:spider_eye":3,"minecraft:arrow":3,"minecraft:rotten_flesh":13,"minecraft:carved_pumpkin":1,"minecraft:hay_block":3,"supplementaries:ash":2,"minecraft:oak_sapling":4,"minecraft:bone_block":20,"minecraft:white_wool":5,"minecraft:mutton":6,"minecraft:coal":41,"minecraft:cobblestone":79},"minecraft:crafted":{"minecraft:cooked_beef":16,"minecraft:oak_planks":28,"minecraft:crafting_table":1,"comforts:sleeping_bag_white":1,"minecraft:furnace":1,"minecraft:stone_axe":1,"minecraft:cooked_mutton":2,"minecraft:air":0,"minecraft:iron_chestplate":1,"minecraft:stick":12,"minecraft:iron_ingot":10,"minecraft:stone_pickaxe":1,"minecraft:stone_sword":2,"minecraft:torch":28},"minecraft:dropped":{"minecraft:stone_hoe":1,"byg:biomepedia":1,"minecraft:wheat_seeds":25,"minecraft:iron_nugget":1,"alexsmobs:animal_dictionary":1,"minecraft:rotten_flesh":2,"galosphere:raw_silver":1,"minecraft:gunpowder":4,"minecraft:cornflower":1,"minecraft:oak_sapling":4,"minecraft:spider_eye":3,"farmersdelight:onion":1,"minecraft:wooden_sword":1,"minecraft:pumpkin":1,"minecraft:beef":1,"minecraft:stone_pickaxe":1,"twigs:twig":3,"minecraft:fishing_rod":1,"minecraft:string":1},"minecraft:used":{"minecraft:cooked_mutton":2,"minecraft:stone_sword":137,"minecraft:bone_block":15,"minecraft:stone_pickaxe":185,"minecraft:ladder":1,"minecraft:oak_planks":18,"minecraft:iron_chestplate":1,"minecraft:torch":17,"minecraft:crafting_table":8,"delightful:mini_melon":3,"byg:lush_dirt":2,"minecraft:apple":7,"minecraft:bread":9,"minecraft:string":1,"byg:soapstone":6,"minecraft:wooden_sword":7,"minecraft:stone_axe":74,"minecraft:cobblestone":51,"minecraft:beef":9,"minecraft:furnace":3,"comforts:sleeping_bag_white":1,"minecraft:andesite":10,"vinery:red_grape":1,"minecraft:smooth_stone_slab":1,"alexsmobs:animal_dictionary":3,"minecraft:cooked_beef":2},"minecraft:custom":{"minecraft:interact_with_furnace":19,"minecraft:mob_kills":40,"minecraft:interact_with_crafting_table":12,"minecraft:open_barrel":2,"minecraft:leave_game":12,"minecraft:time_since_death":19715,"minecraft:sleep_in_bed":1,"minecraft:climb_one_cm":1984,"minecraft:time_since_rest":9420,"minecraft:sprint_one_cm":165481,"minecraft:damage_taken":1589,"minecraft:walk_one_cm":142657,"minecraft:drop":24,"minecraft:damage_dealt":5140,"minecraft:swim_one_cm":20031,"minecraft:fly_one_cm":265697,"minecraft:open_chest":3,"minecraft:play_time":101094,"minecraft:crouch_one_cm":10421,"minecraft:deaths":2,"minecraft:sneak_time":2448,"minecraft:walk_under_water_one_cm":3871,"minecraft:jump":1459,"minecraft:walk_on_water_one_cm":4967,"minecraft:total_world_time":101094,"minecraft:fall_one_cm":36306},"minecraft:mined":{"minecraft:mossy_cobblestone":1,"minecraft:carved_pumpkin":1,"minecraft:crafting_table":7,"minecraft:cornflower":1,"minecraft:grass_block":1,"immersive_weathering:soot":1,"galosphere:silver_ore":1,"minecraft:cobblestone":4,"minecraft:tall_grass":3,"minecraft:oak_planks":1,"byg:lush_grass_block":2,"minecraft:spawner":1,"minecraft:hay_block":3,"byg:soapstone":6,"excavated_variants:byg_soapstone_coal_ore":3,"minecraft:furnace":2,"minecraft:iron_ore":20,"minecraft:wheat":10,"byg:prairie_grass":1,"minecraft:andesite":9,"minecraft:pumpkin":1,"minecraft:smooth_stone_slab":1,"minecraft:grass":24,"minecraft:oak_log":66,"minecraft:coal_ore":24,"delightful:mini_melon":4,"byg:ripe_orchard_leaves":1,"byg:apple_fruit_block":1,"minecraft:cobweb":1,"structure_gel:dynamic_spawner":1,"minecraft:tripwire":1,"byg:tall_prairie_grass":3,"minecraft:stone":77,"minecraft:bone_block":20,"minecraft:white_wool":1,"excavated_variants:andesite_coal_ore":10,"immersive_weathering:oak_leaf_pile":1,"excavated_variants:diorite_coal_ore":4},"minecraft:killed_by":{"minecraft:spider":1,"minecraft:zombie":1},"minecraft:killed":{"minecraft:spider":9,"minecraft:sheep":4,"minecraft:skeleton":3,"minecraft:zombie":11,"minecraft:cow":12}},"DataVersion":3120}