{"stats":{"minecraft:picked_up":{"vinery:red_grape":1,"minecraft:crafting_table":14,"minecraft:wheat":9,"byg:soapstone":6,"byg:lush_dirt":6,"minecraft:ladder":2,"byg:maple_planks":2,"ecologics:seashell":1,"windswept:holly_sapling":4,"minecraft:golden_sword":1,"minecraft:cornflower":1,"minecraft:string":9,"spirit:broken_spawner":2,"minecraft:smooth_stone_slab":1,"windswept:holly_berries":2,"comforts:sleeping_bag_white":1,"minecraft:spruce_planks":3,"minecraft:beef":26,"minecraft:calcite":3,"minecraft:furnace":5,"minecraft:tipped_arrow":7,"minecraft:raw_iron":43,"minecraft:stick":5,"minecraft:spruce_fence":2,"minecraft:snow_block":4,"byg:green_apple":26,"minecraft:arrow":4,"minecraft:rotten_flesh":26,"minecraft:hay_block":3,"minecraft:carved_pumpkin":1,"quark:indigo_corundum_cluster":1,"supplementaries:ash":2,"minecraft:cobblestone":88,"minecraft:mutton":8,"minecraft:white_wool":6,"minecraft:bone_block":20,"byg:red_maple_sapling":3,"minecraft:andesite":11,"minecraft:leather":11,"minecraft:ice":7,"minecraft:oak_log":62,"byg:orchard_sapling":10,"minecraft:yellow_bed":7,"minecraft:gunpowder":4,"minecraft:dirt":1,"galosphere:lumiere_shard":4,"byg:white_sage":2,"minecraft:bone":33,"minecraft:apple":64,"minecraft:bow":1,"delightful:mini_melon":5,"minecraft:wheat_seeds":28,"minecraft:iron_ingot":3,"minecraft:stone_pickaxe":1,"byg:skyris_sapling":4,"galosphere:raw_silver":1,"twigs:twig":7,"minecraft:oak_planks":1,"byg:maple_log":38,"minecraft:pumpkin":9,"vinery:white_grape":1,"minecraft:stripped_spruce_log":4,"minecraft:spruce_log":9,"minecraft:spider_eye":3,"minecraft:mossy_cobblestone":1,"byg:skyris_log":41,"minecraft:polished_andesite":3,"waystones:waystone":2,"minecraft:golden_apple":1,"minecraft:oak_sapling":4,"minecraft:coal":78},"minecraft:broken":{"minecraft:stone_pickaxe":1,"minecraft:leather_boots":1,"minecraft:stone_axe":1},"minecraft:crafted":{"minecraft:oak_planks":248,"minecraft:leather_boots":1,"minecraft:melon_slice":3,"comforts:sleeping_bag_white":1,"minecraft:furnace":2,"minecraft:cooked_mutton":2,"minecraft:iron_boots":1,"minecraft:iron_axe":1,"minecraft:stone_pickaxe":2,"minecraft:wheat":27,"minecraft:cooked_beef":16,"blue_skies:blue_journal":1,"minecraft:crafting_table":2,"minecraft:iron_helmet":1,"minecraft:iron_sword":1,"minecraft:bucket":1,"minecraft:stone_axe":1,"galosphere:lumiere_block":1,"minecraft:bread":12,"minecraft:air":0,"byg:skyris_planks":4,"minecraft:white_wool":1,"minecraft:iron_chestplate":1,"byg:maple_planks":4,"minecraft:stick":60,"minecraft:iron_pickaxe":1,"minecraft:iron_ingot":32,"minecraft:stone_sword":2,"minecraft:iron_leggings":1,"minecraft:torch":100},"minecraft:dropped":{"minecraft:stone_hoe":1,"byg:biomepedia":1,"minecraft:stripped_spruce_log":3,"minecraft:wheat_seeds":27,"minecraft:book":1,"windswept:holly_berries":2,"windswept:holly_sapling":4,"minecraft:flint":4,"minecraft:polished_andesite":1,"byg:orchard_sapling":1,"galosphere:raw_silver":1,"minecraft:ice":3,"minecraft:cornflower":1,"quark:indigo_corundum_cluster":1,"farmersdelight:onion":1,"minecraft:wooden_sword":1,"minecraft:pumpkin":1,"minecraft:string":1,"minecraft:white_wool":4,"minecraft:fishing_rod":1,"minecraft:gold_ingot":1,"twigs:twig":7,"minecraft:iron_nugget":1,"minecraft:stone_sword":1,"alexsmobs:animal_dictionary":1,"minecraft:rotten_flesh":24,"byg:skyris_planks":4,"byg:maple_log":36,"minecraft:spruce_fence":2,"vinery:white_grape":1,"minecraft:tipped_arrow":7,"byg:skyris_sapling":4,"byg:skyris_log":40,"minecraft:gunpowder":4,"minecraft:spruce_planks":1,"minecraft:andesite":1,"minecraft:oak_sapling":4,"minecraft:golden_sword":1,"minecraft:spider_eye":3,"minecraft:arrow":1,"minecraft:bow":1,"minecraft:beef":1,"minecraft:stone_pickaxe":2,"ecologics:seashell":1,"minecraft:calcite":3},"minecraft:used":{"minecraft:stone_sword":179,"minecraft:carved_pumpkin":1,"minecraft:bone_block":15,"minecraft:ladder":2,"minecraft:spruce_planks":2,"byg:white_sage":2,"minecraft:iron_sword":10,"byg:maple_planks":2,"minecraft:iron_chestplate":1,"minecraft:torch":20,"minecraft:dirt":1,"byg:maple_log":1,"minecraft:stripped_spruce_log":1,"byg:lush_dirt":6,"minecraft:iron_axe":151,"byg:red_maple_sapling":3,"minecraft:beef":9,"minecraft:furnace":6,"comforts:sleeping_bag_white":1,"minecraft:cooked_beef":2,"vinery:red_grape":1,"minecraft:cooked_mutton":2,"minecraft:water_bucket":7,"minecraft:snow_block":4,"minecraft:stone_pickaxe":264,"minecraft:oak_planks":20,"minecraft:leather_boots":1,"minecraft:golden_apple":1,"minecraft:crafting_table":15,"minecraft:spruce_log":5,"delightful:mini_melon":4,"waystones:waystone":1,"minecraft:apple":64,"minecraft:melon_slice":3,"minecraft:iron_pickaxe":16,"minecraft:bread":12,"minecraft:string":1,"minecraft:map":1,"byg:soapstone":6,"minecraft:stone_axe":128,"minecraft:wooden_sword":7,"minecraft:cobblestone":59,"minecraft:andesite":10,"minecraft:bucket":8,"minecraft:ice":4,"minecraft:smooth_stone_slab":1,"minecraft:yellow_bed":6,"galosphere:lumiere_block":1,"alexsmobs:animal_dictionary":3},"minecraft:custom":{"minecraft:mob_kills":59,"minecraft:interact_with_crafting_table":34,"minecraft:open_barrel":18,"minecraft:leave_game":13,"minecraft:time_since_death":64424,"minecraft:climb_one_cm":5885,"minecraft:sprint_one_cm":379219,"minecraft:walk_one_cm":308872,"minecraft:drop":69,"minecraft:talked_to_villager":6,"minecraft:play_time":184839,"minecraft:deaths":6,"minecraft:sneak_time":4402,"minecraft:walk_under_water_one_cm":6079,"minecraft:boat_one_cm":34415,"minecraft:jump":3432,"minecraft:walk_on_water_one_cm":8447,"minecraft:total_world_time":184839,"minecraft:interact_with_furnace":42,"minecraft:traded_with_villager":1,"minecraft:sleep_in_bed":8,"minecraft:time_since_rest":8634,"minecraft:waystone_activated":1,"minecraft:damage_taken":4314,"minecraft:damage_dealt":7289,"minecraft:swim_one_cm":28481,"minecraft:fly_one_cm":651525,"minecraft:open_chest":7,"minecraft:crouch_one_cm":16709,"minecraft:fall_one_cm":115681},"minecraft:mined":{"byg:maple_log":125,"minecraft:spruce_planks":3,"minecraft:mossy_cobblestone":1,"byg:white_sage":1,"minecraft:carved_pumpkin":1,"minecraft:spruce_fence":2,"minecraft:grass_block":1,"byg:skyris_log":55,"byg:silver_maple_leaves":1,"twigs:twig":1,"minecraft:spawner":1,"minecraft:hay_block":3,"excavated_variants:byg_soapstone_coal_ore":3,"minecraft:furnace":5,"minecraft:iron_ore":42,"byg:prairie_grass":1,"minecraft:andesite":10,"minecraft:stripped_spruce_log":3,"minecraft:pumpkin":8,"minecraft:packed_ice":1,"byg:apple_fruit_block":1,"minecraft:stone":86,"minecraft:bone_block":20,"minecraft:white_wool":1,"immersive_weathering:oak_leaf_pile":1,"minecraft:tripwire":1,"byg:tall_prairie_grass":3,"immersive_weathering:icicle":1,"minecraft:infested_stone_bricks":1,"minecraft:crafting_table":14,"minecraft:cornflower":1,"excavated_variants:diorite_iron_ore":1,"minecraft:calcite":3,"immersive_weathering:soot":1,"galosphere:silver_ore":1,"minecraft:tall_grass":3,"minecraft:cobblestone":4,"minecraft:oak_planks":1,"byg:lush_grass_block":4,"byg:soapstone":6,"byg:lush_dirt":2,"ecologics:seashell":1,"minecraft:wheat":10,"minecraft:spruce_log":2,"minecraft:stone_brick_stairs":1,"minecraft:yellow_bed":7,"minecraft:smooth_stone_slab":1,"minecraft:grass":28,"minecraft:coal_ore":61,"minecraft:oak_log":66,"delightful:mini_melon":6,"byg:ripe_orchard_leaves":1,"galosphere:glinted_lumiere_cluster":1,"structure_gel:dynamic_spawner":1,"minecraft:cobweb":1,"quark:indigo_corundum_cluster":1,"minecraft:stone_bricks":2,"minecraft:polished_andesite":3,"minecraft:mossy_stone_bricks":1,"excavated_variants:andesite_coal_ore":10,"minecraft:fern":1,"excavated_variants:diorite_coal_ore":4},"minecraft:killed_by":{"minecraft:stray":4,"minecraft:spider":1,"minecraft:zombie":1},"minecraft:killed":{"minecraft:spider":10,"minecraft:skeleton":3,"minecraft:sheep":5,"minecraft:zombie":13,"minecraft:stray":15,"minecraft:cow":12}},"DataVersion":3120}