{"stats":{"minecraft:killed":{"rottencreatures:undead_miner":1,"minecraft:spider":2,"minecraft:creeper":2,"minecraft:sheep":5,"minecraft:zombie":5,"minecraft:cow":7},"minecraft:custom":{"minecraft:interact_with_furnace":40,"minecraft:mob_kills":23,"minecraft:interact_with_crafting_table":26,"minecraft:leave_game":1,"minecraft:time_since_death":46793,"minecraft:sleep_in_bed":1,"minecraft:time_since_rest":22212,"minecraft:sprint_one_cm":270122,"minecraft:damage_taken":1339,"minecraft:walk_one_cm":217499,"minecraft:damage_blocked_by_shield":20,"minecraft:drop":31,"minecraft:damage_dealt":3456,"minecraft:swim_one_cm":13925,"minecraft:fly_one_cm":221574,"minecraft:crouch_one_cm":380,"minecraft:play_time":98542,"minecraft:deaths":2,"minecraft:sneak_time":347,"minecraft:walk_under_water_one_cm":13105,"minecraft:jump":1625,"minecraft:walk_on_water_one_cm":13204,"minecraft:total_world_time":98542,"minecraft:fall_one_cm":42976},"minecraft:crafted":{"minecraft:cooked_beef":17,"minecraft:golden_axe":1,"minecraft:oak_planks":72,"minecraft:crafting_table":3,"minecraft:melon_slice":36,"minecraft:iron_helmet":1,"minecraft:wooden_pickaxe":1,"minecraft:furnace":2,"minecraft:golden_pickaxe":1,"minecraft:bucket":1,"minecraft:stone_axe":1,"minecraft:cooked_mutton":1,"minecraft:air":0,"minecraft:iron_boots":1,"minecraft:iron_chestplate":1,"minecraft:gold_ingot":7,"minecraft:stick":64,"minecraft:iron_leggings":1,"minecraft:iron_ingot":34,"minecraft:iron_pickaxe":1,"minecraft:stone_pickaxe":3,"minecraft:wooden_axe":1,"minecraft:white_bed":1,"minecraft:torch":72},"minecraft:dropped":{"minecraft:white_tulip":1,"minecraft:wheat_seeds":10,"minecraft:cobbled_deepslate":1,"minecraft:dark_oak_sapling":6,"minecraft:rotten_flesh":6,"byg:lush_dirt":8,"vinery:white_grape":2,"minecraft:oxeye_daisy":2,"minecraft:dark_oak_log":8,"byg:soapstone":1,"minecraft:andesite":1,"minecraft:oak_sapling":8,"neapolitan:strawberries":2,"minecraft:pumpkin":4,"delightful:acorn":2,"minecraft:wooden_sword":2,"minecraft:wooden_pickaxe":2,"minecraft:red_tulip":2,"twigs:twig":6,"minecraft:dandelion":1},"minecraft:broken":{"minecraft:stone_pickaxe":1,"minecraft:wooden_axe":1},"minecraft:killed_by":{"minecraft:zombie":1},"minecraft:picked_up":{"minecraft:crafting_table":7,"byg:soapstone":1,"byg:lush_dirt":17,"minecraft:andesite":1,"minecraft:leather":17,"minecraft:wooden_pickaxe":1,"minecraft:oak_log":18,"minecraft:lapis_lazuli":58,"minecraft:string":4,"minecraft:dirt":5,"minecraft:wooden_sword":1,"minecraft:apple":1,"delightful:mini_melon":25,"minecraft:wheat_seeds":10,"minecraft:cobbled_deepslate":7,"minecraft:raw_gold":20,"delightful:acorn":3,"minecraft:iron_ingot":1,"minecraft:beef":17,"minecraft:white_tulip":1,"galosphere:raw_silver":5,"twigs:twig":6,"minecraft:furnace":3,"minecraft:dark_oak_sapling":6,"minecraft:stick":2,"minecraft:raw_iron":35,"minecraft:pumpkin":4,"minecraft:torch":2,"minecraft:dandelion":1,"vinery:white_grape":2,"minecraft:redstone":9,"minecraft:dark_oak_log":8,"neapolitan:strawberries":2,"minecraft:rotten_flesh":12,"minecraft:red_tulip":2,"minecraft:oak_sapling":8,"minecraft:black_wool":2,"minecraft:mutton":8,"minecraft:coal":67,"minecraft:white_wool":3,"minecraft:cobblestone":97,"minecraft:oxeye_daisy":2},"minecraft:mined":{"excavated_variants:andesite_gold_ore":2,"byg:clover_patch":1,"excavated_variants:byg_soapstone_iron_ore":6,"minecraft:dark_oak_log":35,"galosphere:deepslate_silver_ore":5,"minecraft:dandelion":1,"excavated_variants:twigs_rhyolite_gold_ore":1,"minecraft:crafting_table":7,"excavated_variants:andesite_lapis_ore":3,"minecraft:grass_block":4,"minecraft:tall_grass":5,"excavated_variants:andesite_iron_ore":2,"minecraft:deepslate_gold_ore":9,"minecraft:lapis_ore":4,"minecraft:diorite":39,"minecraft:oxeye_daisy":1,"byg:lush_grass_block":8,"environmental:giant_tall_grass":1,"excavated_variants:twigs_rhyolite_iron_ore":6,"byg:soapstone":3,"minecraft:redstone_ore":2,"byg:lush_dirt":6,"minecraft:furnace":4,"minecraft:iron_ore":15,"minecraft:andesite":5,"minecraft:pumpkin":2,"excavated_variants:tuff_iron_ore":1,"minecraft:deepslate_iron_ore":5,"minecraft:grass":35,"minecraft:oak_log":23,"minecraft:red_tulip":1,"minecraft:coal_ore":41,"delightful:mini_melon":26,"minecraft:dirt":5,"twigs:rhyolite":1,"minecraft:deepslate":7,"minecraft:white_tulip":1,"minecraft:stone":141,"minecraft:gold_ore":3,"excavated_variants:byg_soapstone_gold_ore":5,"byg:tall_prairie_grass":1,"minecraft:fern":1},"minecraft:used":{"minecraft:cooked_mutton":1,"minecraft:stone_pickaxe":258,"minecraft:shield":1,"minecraft:wooden_pickaxe":24,"minecraft:torch":74,"minecraft:dirt":5,"minecraft:crafting_table":9,"minecraft:white_bed":1,"byg:lush_dirt":9,"minecraft:wooden_axe":59,"minecraft:melon_slice":8,"minecraft:bread":4,"minecraft:iron_pickaxe":24,"minecraft:stone_axe":84,"minecraft:wooden_sword":66,"minecraft:cobblestone":55,"minecraft:furnace":4,"minecraft:bucket":1,"minecraft:golden_pickaxe":13,"minecraft:golden_axe":1,"alexsmobs:animal_dictionary":1,"minecraft:cooked_beef":9}},"DataVersion":3120}