{"stats":{"minecraft:picked_up":{"minecraft:crafting_table":11,"byg:soapstone":3,"byg:lush_dirt":17,"minecraft:wooden_pickaxe":1,"minecraft:string":8,"minecraft:wooden_sword":1,"minecraft:cobbled_deepslate":9,"delightful:acorn":3,"minecraft:beef":17,"minecraft:white_tulip":1,"minecraft:iron_pickaxe":1,"minecraft:furnace":4,"minecraft:dark_oak_sapling":6,"minecraft:stick":3,"minecraft:raw_iron":123,"minecraft:torch":8,"minecraft:diorite":1,"minecraft:redstone":30,"minecraft:arrow":4,"minecraft:rotten_flesh":12,"minecraft:red_tulip":2,"minecraft:bone_block":22,"minecraft:cobblestone":132,"minecraft:mutton":8,"minecraft:white_wool":5,"minecraft:oxeye_daisy":2,"minecraft:andesite":3,"minecraft:leather":17,"minecraft:potato":1,"minecraft:oak_log":18,"minecraft:lapis_lazuli":58,"minecraft:dirt":6,"minecraft:bone":4,"minecraft:apple":2,"delightful:mini_melon":25,"minecraft:wheat_seeds":10,"minecraft:raw_gold":31,"minecraft:iron_ingot":1,"galosphere:raw_silver":5,"twigs:twig":6,"minecraft:pumpkin":4,"minecraft:dandelion":1,"vinery:white_grape":2,"minecraft:white_bed":2,"minecraft:dark_oak_log":8,"neapolitan:strawberries":2,"minecraft:granite":2,"twigs:rhyolite":2,"minecraft:oak_sapling":8,"minecraft:black_wool":2,"minecraft:coal":92},"minecraft:broken":{"minecraft:stone_pickaxe":2,"minecraft:golden_axe":1,"minecraft:stone_axe":1,"minecraft:golden_pickaxe":3,"minecraft:wooden_axe":1},"minecraft:crafted":{"minecraft:oak_planks":72,"minecraft:melon_slice":36,"minecraft:furnace":2,"minecraft:cooked_mutton":1,"minecraft:iron_boots":1,"minecraft:iron_axe":1,"minecraft:stone_pickaxe":3,"minecraft:golden_sword":1,"minecraft:cooked_beef":17,"minecraft:golden_axe":1,"minecraft:crafting_table":3,"minecraft:wooden_pickaxe":1,"minecraft:iron_helmet":1,"minecraft:golden_pickaxe":3,"minecraft:bucket":1,"minecraft:stone_axe":1,"minecraft:air":0,"minecraft:oak_boat":1,"minecraft:iron_chestplate":1,"minecraft:stick":68,"minecraft:iron_ingot":34,"minecraft:iron_pickaxe":1,"minecraft:wooden_axe":1,"minecraft:gold_ingot":29,"minecraft:iron_leggings":1,"minecraft:white_bed":1,"minecraft:torch":164},"minecraft:dropped":{"minecraft:wheat_seeds":10,"minecraft:dark_oak_sapling":6,"minecraft:granite":2,"byg:lush_dirt":8,"minecraft:stick":1,"minecraft:oxeye_daisy":2,"minecraft:dark_oak_log":8,"galosphere:raw_silver":5,"minecraft:diorite":1,"byg:soapstone":2,"neapolitan:strawberries":2,"delightful:acorn":3,"minecraft:wooden_sword":2,"minecraft:pumpkin":4,"minecraft:iron_pickaxe":1,"twigs:twig":6,"minecraft:dandelion":1,"minecraft:bone":2,"minecraft:white_tulip":1,"minecraft:cobbled_deepslate":9,"minecraft:rotten_flesh":12,"vinery:white_grape":2,"supplementaries:ash":1,"minecraft:andesite":1,"minecraft:leather_boots":1,"minecraft:oak_sapling":8,"minecraft:wooden_pickaxe":2,"minecraft:red_tulip":2},"minecraft:used":{"minecraft:shield":3,"minecraft:torch":153,"minecraft:dirt":5,"byg:lush_dirt":9,"minecraft:wooden_axe":59,"minecraft:lava_bucket":1,"minecraft:iron_axe":57,"minecraft:golden_sword":2,"minecraft:furnace":5,"minecraft:cooked_beef":15,"minecraft:golden_axe":17,"minecraft:cooked_mutton":1,"minecraft:stone_pickaxe":325,"minecraft:wooden_pickaxe":24,"minecraft:crafting_table":14,"minecraft:white_bed":2,"minecraft:bread":4,"minecraft:melon_slice":36,"minecraft:iron_pickaxe":28,"minecraft:stone_axe":93,"minecraft:wooden_sword":66,"minecraft:cobblestone":103,"minecraft:andesite":2,"minecraft:bucket":2,"minecraft:oak_boat":1,"alexsmobs:animal_dictionary":1,"minecraft:golden_pickaxe":96},"minecraft:custom":{"minecraft:mob_kills":43,"minecraft:interact_with_crafting_table":32,"minecraft:leave_game":6,"minecraft:time_since_death":103549,"minecraft:sprint_one_cm":453048,"minecraft:walk_one_cm":437868,"minecraft:damage_blocked_by_shield":95,"minecraft:drop":43,"minecraft:play_time":155298,"minecraft:deaths":2,"minecraft:sneak_time":374,"minecraft:walk_under_water_one_cm":15939,"minecraft:boat_one_cm":282,"minecraft:jump":3210,"minecraft:walk_on_water_one_cm":23075,"minecraft:total_world_time":155298,"minecraft:interact_with_furnace":50,"minecraft:sleep_in_bed":3,"minecraft:time_since_rest":9425,"minecraft:damage_taken":2075,"minecraft:damage_dealt":7271,"minecraft:swim_one_cm":20706,"minecraft:fly_one_cm":407805,"minecraft:open_chest":1,"minecraft:crouch_one_cm":401,"minecraft:fall_one_cm":84707},"minecraft:mined":{"minecraft:tuff":1,"byg:clover_patch":1,"minecraft:white_bed":2,"minecraft:mossy_cobblestone":1,"excavated_variants:byg_soapstone_iron_ore":6,"minecraft:dark_oak_log":35,"excavated_variants:twigs_rhyolite_gold_ore":1,"minecraft:granite":3,"minecraft:grass_block":4,"minecraft:oxeye_daisy":1,"environmental:giant_tall_grass":1,"minecraft:redstone_ore":2,"minecraft:furnace":5,"minecraft:iron_ore":21,"minecraft:andesite":7,"minecraft:pumpkin":2,"excavated_variants:tuff_iron_ore":12,"minecraft:red_tulip":1,"minecraft:deepslate_iron_ore":12,"byg:apple_fruit_block":1,"minecraft:stone":166,"minecraft:white_tulip":1,"minecraft:bone_block":19,"excavated_variants:byg_soapstone_gold_ore":9,"byg:tall_prairie_grass":1,"minecraft:deepslate_redstone_ore":4,"excavated_variants:andesite_gold_ore":2,"minecraft:brown_carpet":9,"minecraft:stone_brick_slab":1,"galosphere:deepslate_silver_ore":5,"minecraft:dandelion":1,"minecraft:crafting_table":11,"excavated_variants:andesite_lapis_ore":3,"excavated_variants:diorite_iron_ore":11,"minecraft:tall_grass":5,"minecraft:cobblestone":11,"minecraft:lapis_ore":4,"minecraft:deepslate_gold_ore":14,"excavated_variants:andesite_iron_ore":3,"minecraft:oak_planks":1,"delightful:wild_salmonberries":1,"minecraft:diorite":40,"minecraft:wall_torch":2,"byg:lush_grass_block":8,"excavated_variants:twigs_rhyolite_iron_ore":9,"byg:soapstone":6,"byg:lush_dirt":6,"minecraft:grass":36,"minecraft:oak_log":23,"minecraft:coal_ore":57,"delightful:mini_melon":26,"byg:ripe_orchard_leaves":1,"minecraft:dirt":6,"minecraft:cobweb":2,"twigs:rhyolite":1,"minecraft:gold_ore":3,"excavated_variants:andesite_coal_ore":1,"excavated_variants:granite_iron_ore":9,"minecraft:deepslate":9,"minecraft:fern":2,"excavated_variants:diorite_coal_ore":1},"minecraft:killed_by":{"minecraft:zombie":1},"minecraft:killed":{"minecraft:spider":3,"minecraft:skeleton":5,"rottencreatures:undead_miner":1,"minecraft:creeper":6,"minecraft:sheep":5,"minecraft:zombie":15,"minecraft:cow":7}},"DataVersion":3120}