{"stats":{"minecraft:picked_up":{"minecraft:wooden_axe":2,"minecraft:crafting_table":14,"byg:soapstone":3,"byg:lush_dirt":17,"minecraft:ladder":1,"minecraft:wooden_pickaxe":1,"windswept:holly_sapling":3,"minecraft:string":8,"minecraft:wooden_sword":1,"windswept:holly_berries":3,"minecraft:cobbled_deepslate":9,"minecraft:spruce_planks":220,"delightful:acorn":3,"minecraft:beef":17,"minecraft:white_tulip":1,"minecraft:iron_pickaxe":1,"minecraft:furnace":4,"minecraft:tipped_arrow":7,"minecraft:dark_oak_sapling":6,"minecraft:stick":13,"minecraft:raw_iron":126,"minecraft:torch":26,"minecraft:diorite":1,"minecraft:redstone":30,"minecraft:arrow":12,"minecraft:rotten_flesh":12,"minecraft:red_tulip":2,"minecraft:snowball":17,"byg:red_maple_sapling":7,"minecraft:cobblestone":171,"minecraft:mutton":8,"minecraft:bone_block":22,"minecraft:white_wool":5,"minecraft:oxeye_daisy":2,"minecraft:andesite":3,"immersive_weathering:spruce_bark":2,"minecraft:leather":17,"minecraft:potato":1,"minecraft:ice":3,"minecraft:oak_log":18,"minecraft:lapis_lazuli":58,"minecraft:dirt":7,"minecraft:name_tag":1,"windswept:holly_log":16,"minecraft:bone":12,"minecraft:apple":2,"delightful:mini_melon":25,"minecraft:wheat_seeds":15,"minecraft:raw_gold":31,"minecraft:iron_ingot":1,"galosphere:raw_silver":5,"twigs:twig":8,"minecraft:oak_planks":2,"byg:rose":2,"minecraft:book":3,"byg:maple_log":9,"minecraft:pumpkin":4,"minecraft:dandelion":1,"vinery:white_grape":2,"minecraft:stripped_spruce_log":2,"minecraft:spruce_sapling":2,"minecraft:white_bed":7,"minecraft:spruce_log":127,"minecraft:dark_oak_log":8,"neapolitan:strawberries":2,"minecraft:bundle":1,"minecraft:soul_lantern":4,"waystones:waystone":3,"minecraft:granite":2,"minecraft:light_gray_carpet":1,"twigs:rhyolite":2,"minecraft:oak_sapling":8,"minecraft:black_wool":2,"minecraft:coal":92},"minecraft:broken":{"minecraft:stone_pickaxe":2,"minecraft:golden_axe":2,"minecraft:iron_axe":1,"minecraft:stone_axe":1,"minecraft:golden_pickaxe":3,"minecraft:wooden_axe":4},"minecraft:crafted":{"minecraft:oak_planks":72,"windswept:holly_planks":64,"minecraft:leather_boots":1,"minecraft:melon_slice":36,"minecraft:furnace":2,"woodworks:spruce_chest":1,"minecraft:cooked_mutton":8,"minecraft:flint_and_steel":1,"minecraft:iron_boots":1,"minecraft:iron_axe":1,"minecraft:stone_pickaxe":3,"minecraft:spruce_boat":2,"minecraft:golden_sword":1,"minecraft:cooked_beef":17,"minecraft:golden_axe":2,"blue_skies:blue_journal":1,"minecraft:crafting_table":13,"minecraft:spruce_planks":160,"minecraft:wooden_pickaxe":1,"minecraft:iron_helmet":1,"minecraft:golden_pickaxe":3,"minecraft:bucket":1,"minecraft:stone_axe":1,"minecraft:air":0,"minecraft:oak_boat":1,"minecraft:iron_chestplate":1,"minecraft:stick":136,"minecraft:iron_ingot":34,"minecraft:iron_pickaxe":1,"minecraft:wooden_axe":15,"minecraft:iron_leggings":1,"minecraft:gold_ingot":29,"minecraft:white_bed":1,"minecraft:torch":164},"minecraft:dropped":{"minecraft:wheat_seeds":11,"minecraft:crafting_table":2,"minecraft:dark_oak_sapling":6,"minecraft:book":2,"minecraft:granite":2,"byg:lush_dirt":8,"minecraft:stick":7,"minecraft:oxeye_daisy":2,"minecraft:dark_oak_log":8,"galosphere:raw_silver":5,"minecraft:diorite":1,"minecraft:torch":2,"byg:soapstone":2,"minecraft:wooden_axe":9,"neapolitan:strawberries":2,"windswept:holly_planks":1,"delightful:acorn":3,"minecraft:wooden_sword":2,"minecraft:pumpkin":4,"minecraft:iron_pickaxe":1,"twigs:twig":6,"minecraft:dandelion":1,"minecraft:bone":2,"minecraft:white_tulip":1,"minecraft:cobbled_deepslate":9,"minecraft:rotten_flesh":12,"vinery:white_grape":2,"supplementaries:ash":1,"minecraft:tipped_arrow":4,"minecraft:andesite":1,"minecraft:leather_boots":2,"minecraft:oak_sapling":8,"minecraft:arrow":4,"minecraft:wooden_pickaxe":2,"minecraft:red_tulip":2},"minecraft:used":{"minecraft:flint_and_steel":18,"minecraft:spruce_planks":231,"minecraft:shield":4,"woodworks:spruce_chest":1,"minecraft:torch":178,"minecraft:dirt":5,"minecraft:snowball":1,"byg:lush_dirt":9,"minecraft:spruce_boat":2,"minecraft:wooden_axe":364,"minecraft:lava_bucket":3,"minecraft:iron_axe":171,"byg:rose":2,"minecraft:golden_sword":53,"minecraft:furnace":6,"minecraft:cooked_beef":17,"minecraft:golden_axe":51,"minecraft:cooked_mutton":8,"minecraft:water_bucket":18,"minecraft:stone_pickaxe":335,"minecraft:oak_planks":1,"minecraft:wooden_pickaxe":24,"minecraft:crafting_table":24,"minecraft:white_bed":7,"waystones:waystone":1,"minecraft:apple":1,"minecraft:bread":9,"minecraft:melon_slice":36,"minecraft:map":1,"minecraft:iron_pickaxe":31,"minecraft:stone_axe":93,"windswept:holly_planks":5,"minecraft:wooden_sword":66,"minecraft:cobblestone":103,"minecraft:andesite":2,"minecraft:bucket":4,"minecraft:oak_boat":1,"alexsmobs:animal_dictionary":1,"minecraft:golden_pickaxe":96},"minecraft:custom":{"minecraft:mob_kills":58,"minecraft:interact_with_crafting_table":48,"minecraft:open_barrel":4,"minecraft:leave_game":8,"minecraft:time_since_death":1155,"minecraft:climb_one_cm":2636,"minecraft:sprint_one_cm":650781,"minecraft:walk_one_cm":651616,"minecraft:damage_blocked_by_shield":135,"minecraft:drop":62,"minecraft:talked_to_villager":3,"minecraft:play_time":283269,"minecraft:deaths":15,"minecraft:sneak_time":1381,"minecraft:walk_under_water_one_cm":24627,"minecraft:boat_one_cm":1756,"minecraft:jump":5390,"minecraft:walk_on_water_one_cm":33264,"minecraft:total_world_time":283269,"minecraft:interact_with_furnace":56,"minecraft:traded_with_villager":1,"minecraft:sleep_in_bed":10,"minecraft:time_since_rest":1185,"minecraft:waystone_activated":5,"minecraft:damage_taken":6227,"minecraft:damage_dealt":10192,"minecraft:player_kills":1,"minecraft:swim_one_cm":26583,"minecraft:fly_one_cm":909223,"minecraft:open_chest":20,"minecraft:crouch_one_cm":1278,"minecraft:fall_one_cm":139501},"minecraft:mined":{"minecraft:tuff":1,"byg:clover_patch":1,"minecraft:spruce_planks":216,"minecraft:white_bed":7,"minecraft:mossy_cobblestone":1,"excavated_variants:byg_soapstone_iron_ore":6,"minecraft:dark_oak_log":35,"excavated_variants:twigs_rhyolite_gold_ore":1,"minecraft:ladder":2,"minecraft:granite":3,"minecraft:grass_block":5,"minecraft:oxeye_daisy":1,"blue_skies:frostbright_bookshelf":1,"environmental:giant_tall_grass":1,"minecraft:redstone_ore":2,"minecraft:furnace":5,"windswept:holly_log":16,"minecraft:iron_ore":24,"minecraft:fire":11,"minecraft:andesite":7,"minecraft:stripped_spruce_log":2,"minecraft:pumpkin":2,"windswept:holly_planks":4,"excavated_variants:tuff_iron_ore":12,"minecraft:red_tulip":1,"minecraft:deepslate_iron_ore":12,"byg:apple_fruit_block":1,"minecraft:stone":168,"minecraft:white_tulip":1,"minecraft:bone_block":19,"excavated_variants:byg_soapstone_gold_ore":9,"byg:tall_prairie_grass":1,"immersive_weathering:windswept/holly_leaf_pile":1,"minecraft:deepslate_redstone_ore":4,"excavated_variants:andesite_gold_ore":2,"minecraft:brown_carpet":9,"minecraft:stone_brick_slab":1,"galosphere:deepslate_silver_ore":5,"minecraft:dandelion":1,"minecraft:soul_lantern":4,"minecraft:powder_snow":2,"minecraft:crafting_table":12,"minecraft:torch":2,"excavated_variants:andesite_lapis_ore":3,"excavated_variants:diorite_iron_ore":11,"minecraft:tall_grass":6,"minecraft:cobblestone":11,"minecraft:lapis_ore":4,"minecraft:deepslate_gold_ore":14,"excavated_variants:andesite_iron_ore":3,"minecraft:oak_planks":3,"delightful:wild_salmonberries":1,"minecraft:diorite":40,"minecraft:wall_torch":17,"byg:lush_grass_block":8,"windswept:wild_berry_bush":4,"excavated_variants:twigs_rhyolite_iron_ore":9,"byg:soapstone":6,"byg:lush_dirt":6,"minecraft:spruce_log":133,"windswept:holly_leaves":1,"minecraft:grass":87,"minecraft:oak_log":23,"minecraft:coal_ore":57,"delightful:mini_melon":26,"byg:rose":2,"byg:ripe_orchard_leaves":1,"minecraft:dirt":6,"minecraft:cobweb":2,"structure_gel:dynamic_spawner":1,"twigs:rhyolite":1,"minecraft:gold_ore":3,"excavated_variants:andesite_coal_ore":1,"excavated_variants:granite_iron_ore":9,"minecraft:deepslate":9,"minecraft:fern":2,"excavated_variants:diorite_coal_ore":1},"minecraft:killed_by":{"minecraft:stray":6,"alexsmobs:tusklin":2,"minecraft:zombie":1},"minecraft:killed":{"minecraft:spider":3,"minecraft:skeleton":5,"rottencreatures:undead_miner":1,"minecraft:creeper":6,"minecraft:sheep":5,"minecraft:zombie":15,"minecraft:stray":12,"minecraft:cow":7}},"DataVersion":3120}