{
  "comforts:sleeping_bag_light_gray": {
    "criteria": {
      "has_the_recipe": "2024-10-02 00:21:45 +0000"
    },
    "done": true
  },
  "vinery:flower_pot": {
    "criteria": {
      "has_the_recipe": "2024-10-02 00:21:45 +0000"
    },
    "done": true
  },
  "vinery:cherry_chest_boat": {
    "criteria": {
      "has_the_recipe": "2024-10-02 00:21:45 +0000"
    },
    "done": true
  },
  "minecraft:adventure/walk_on_powder_snow_with_leather_boots": {
    "criteria": {
      "walk_on_powder_snow_with_leather_boots": "2024-10-02 03:01:26 +0000"
    },
    "done": true
  },
  "comforts:hammock_white": {
    "criteria": {
      "has_the_recipe": "2024-10-02 00:21:45 +0000"
    },
    "done": true
  },
  "vinery:dark_oak_wine_rack_small": {
    "criteria": {
      "has_the_recipe": "2024-10-02 00:21:45 +0000"
    },
    "done": true
  },
  "vinery:birch_wine_rack_small": {
    "criteria": {
      "has_the_recipe": "2024-10-02 00:21:45 +0000"
    },
    "done": true
  },
  "comforts:hammock_cyan_from_white": {
    "criteria": {
      "has_the_recipe": "2024-10-02 00:21:45 +0000"
    },
    "done": true
  },
  "repurposed_structures:igloos": {
    "criteria": {
      "in_igloo_grassy": "2024-10-02 02:39:22 +0000"
    },
    "done": false
  },
  "comforts:hammock_black": {
    "criteria": {
      "has_the_recipe": "2024-10-02 00:21:45 +0000"
    },
    "done": true
  },
  "comforts:sleeping_bag_light_blue": {
    "criteria": {
      "has_the_recipe": "2024-10-02 00:21:45 +0000"
    },
    "done": true
  },
  "comforts:sleeping_bag_green_from_white": {
    "criteria": {
      "has_the_recipe": "2024-10-02 00:21:45 +0000"
    },
    "done": true
  },
  "comforts:sleeping_bag_lime": {
    "criteria": {
      "has_the_recipe": "2024-10-02 00:21:45 +0000"
    },
    "done": true
  },
  "vinery:window": {
    "criteria": {
      "has_the_recipe": "2024-10-02 00:21:45 +0000"
    },
    "done": true
  },
  "naturescompass:natures_compass": {
    "criteria": {
      "has_compass": "2024-10-02 00:21:44 +0000"
    },
    "done": true
  },
  "biomemakeover:biomemakeover/root": {
    "criteria": {
      "enter_mushroom_fields": "2024-10-02 00:21:48 +0000",
      "enter_swamp": "2024-10-02 00:21:48 +0000",
      "enter_dark_forest": "2024-10-02 00:21:48 +0000",
      "enter_badlands": "2024-10-02 00:21:48 +0000"
    },
    "done": true
  },
  "comforts:sleeping_bag_lime_from_white": {
    "criteria": {
      "has_the_recipe": "2024-10-02 00:21:45 +0000"
    },
    "done": true
  },
  "vinery:vinemaker_leggings": {
    "criteria": {
      "has_the_recipe": "2024-10-02 00:21:45 +0000"
    },
    "done": true
  },
  "vinery:spruce_wine_rack_small": {
    "criteria": {
      "has_the_recipe": "2024-10-02 00:21:45 +0000"
    },
    "done": true
  },
  "comforts:sleeping_bag_black_from_white": {
    "criteria": {
      "has_the_recipe": "2024-10-02 00:21:45 +0000"
    },
    "done": true
  },
  "vinery:grapevine_stem": {
    "criteria": {
      "has_the_recipe": "2024-10-02 00:21:45 +0000"
    },
    "done": true
  },
  "vinery:big_table": {
    "criteria": {
      "has_the_recipe": "2024-10-02 00:21:45 +0000"
    },
    "done": true
  },
  "vinery:cherry_pressure_plate": {
    "criteria": {
      "has_the_recipe": "2024-10-02 00:21:45 +0000"
    },
    "done": true
  },
  "comforts:hammock_light_blue_from_white": {
    "criteria": {
      "has_the_recipe": "2024-10-02 00:21:45 +0000"
    },
    "done": true
  },
  "vinery:stackable_log": {
    "criteria": {
      "has_the_recipe": "2024-10-02 00:21:45 +0000"
    },
    "done": true
  },
  "vinery:loam": {
    "criteria": {
      "has_the_recipe": "2024-10-02 00:21:45 +0000"
    },
    "done": true
  },
  "vinery:cherry_fence": {
    "criteria": {
      "has_the_recipe": "2024-10-02 00:21:45 +0000"
    },
    "done": true
  },
  "vinery:vinemaker_boots": {
    "criteria": {
      "has_the_recipe": "2024-10-02 00:21:45 +0000"
    },
    "done": true
  },
  "vinery:basket": {
    "criteria": {
      "has_the_recipe": "2024-10-02 00:21:45 +0000"
    },
    "done": true
  },
  "vinery:straw_hat": {
    "criteria": {
      "has_the_recipe": "2024-10-02 00:21:45 +0000"
    },
    "done": true
  },
  "comforts:sleeping_bag_black": {
    "criteria": {
      "has_the_recipe": "2024-10-02 00:21:45 +0000"
    },
    "done": true
  },
  "vinery:dirt_slab": {
    "criteria": {
      "has_the_recipe": "2024-10-02 00:21:45 +0000"
    },
    "done": true
  },
  "vinery:cherry_stairs": {
    "criteria": {
      "has_the_recipe": "2024-10-02 00:21:45 +0000"
    },
    "done": true
  },
  "vinery:grass_slab": {
    "criteria": {
      "has_the_recipe": "2024-10-02 00:21:45 +0000"
    },
    "done": true
  },
  "comforts:hammock_red_from_white": {
    "criteria": {
      "has_the_recipe": "2024-10-02 00:21:45 +0000"
    },
    "done": true
  },
  "comforts:hammock_yellow": {
    "criteria": {
      "has_the_recipe": "2024-10-02 00:21:45 +0000"
    },
    "done": true
  },
  "comforts:hammock_cyan": {
    "criteria": {
      "has_the_recipe": "2024-10-02 00:21:45 +0000"
    },
    "done": true
  },
  "comforts:sleeping_bag_purple": {
    "criteria": {
      "has_the_recipe": "2024-10-02 00:21:45 +0000"
    },
    "done": true
  },
  "comforts:hammock_pink_from_white": {
    "criteria": {
      "has_the_recipe": "2024-10-02 00:21:45 +0000"
    },
    "done": true
  },
  "minecraft:story/deflect_arrow": {
    "criteria": {
      "deflected_projectile": "2024-10-02 02:30:16 +0000"
    },
    "done": true
  },
  "vinery:oak_wine_rack_small": {
    "criteria": {
      "has_the_recipe": "2024-10-02 00:21:45 +0000"
    },
    "done": true
  },
  "comforts:sleeping_bag_purple_from_white": {
    "criteria": {
      "has_the_recipe": "2024-10-02 00:21:45 +0000"
    },
    "done": true
  },
  "immersive_weathering:immersive_weathering/bark_off": {
    "criteria": {
      "wax_off": "2024-10-02 03:07:18 +0000"
    },
    "done": true
  },
  "vinery:cherry_slab": {
    "criteria": {
      "has_the_recipe": "2024-10-02 00:21:45 +0000"
    },
    "done": true
  },
  "cataclysm:root": {
    "criteria": {
      "custom_test_name": "2024-10-02 00:21:45 +0000"
    },
    "done": true
  },
  "comforts:sleeping_bag_yellow": {
    "criteria": {
      "has_the_recipe": "2024-10-02 00:21:45 +0000"
    },
    "done": true
  },
  "vinery:red_grape_crate": {
    "criteria": {
      "has_the_recipe": "2024-10-02 00:21:45 +0000"
    },
    "done": true
  },
  "comforts:hammock_light_gray": {
    "criteria": {
      "has_the_recipe": "2024-10-02 00:21:45 +0000"
    },
    "done": true
  },
  "vinery:dark_oak_wine_rack_big": {
    "criteria": {
      "has_the_recipe": "2024-10-02 00:21:45 +0000"
    },
    "done": true
  },
  "vinery:wine_box": {
    "criteria": {
      "has_the_recipe": "2024-10-02 00:21:45 +0000"
    },
    "done": true
  },
  "vinery:acacia_wine_rack_small": {
    "criteria": {
      "has_the_recipe": "2024-10-02 00:21:45 +0000"
    },
    "done": true
  },
  "comforts:hammock_purple": {
    "criteria": {
      "has_the_recipe": "2024-10-02 00:21:45 +0000"
    },
    "done": true
  },
  "minecraft:husbandry/balanced_diet": {
    "criteria": {
      "melon_slice": "2024-10-02 01:02:20 +0000",
      "cooked_beef": "2024-10-02 00:50:33 +0000",
      "cooked_mutton": "2024-10-02 00:52:08 +0000",
      "apple": "2024-10-02 03:02:55 +0000",
      "bread": "2024-10-02 00:29:47 +0000"
    },
    "done": false
  },
  "comforts:sleeping_bag_orange_from_white": {
    "criteria": {
      "has_the_recipe": "2024-10-02 00:21:45 +0000"
    },
    "done": true
  },
  "comforts:hammock_yellow_from_white": {
    "criteria": {
      "has_the_recipe": "2024-10-02 00:21:45 +0000"
    },
    "done": true
  },
  "vinery:cherry_boat": {
    "criteria": {
      "has_the_recipe": "2024-10-02 00:21:45 +0000"
    },
    "done": true
  },
  "vinery:grapevine_lattice": {
    "criteria": {
      "has_the_recipe": "2024-10-02 00:21:45 +0000"
    },
    "done": true
  },
  "comforts:sleeping_bag_blue_from_white": {
    "criteria": {
      "has_the_recipe": "2024-10-02 00:21:45 +0000"
    },
    "done": true
  },
  "vinery:cherry_trapdoor": {
    "criteria": {
      "has_the_recipe": "2024-10-02 00:21:45 +0000"
    },
    "done": true
  },
  "vinery:mangrove_wine_rack_small": {
    "criteria": {
      "has_the_recipe": "2024-10-02 00:21:45 +0000"
    },
    "done": true
  },
  "vinery:mangrove_wine_rack_big": {
    "criteria": {
      "has_the_recipe": "2024-10-02 00:21:45 +0000"
    },
    "done": true
  },
  "dungeons_plus:adventure/find_snowy_temple": {
    "criteria": {
      "in_structure": "2024-10-02 03:02:11 +0000"
    },
    "done": true
  },
  "vinery:wine_bottle": {
    "criteria": {
      "has_the_recipe": "2024-10-02 00:21:45 +0000"
    },
    "done": true
  },
  "comforts:sleeping_bag_green": {
    "criteria": {
      "has_the_recipe": "2024-10-02 00:21:45 +0000"
    },
    "done": true
  },
  "comforts:hammock_lime": {
    "criteria": {
      "has_the_recipe": "2024-10-02 00:21:45 +0000"
    },
    "done": true
  },
  "comforts:sleeping_bag_brown_from_white": {
    "criteria": {
      "has_the_recipe": "2024-10-02 00:21:45 +0000"
    },
    "done": true
  },
  "minecraft:story/iron_tools": {
    "criteria": {
      "iron_pickaxe": "2024-10-02 01:31:42 +0000"
    },
    "done": true
  },
  "comforts:sleeping_bag_white": {
    "criteria": {
      "has_the_recipe": "2024-10-02 00:21:45 +0000"
    },
    "done": true
  },
  "comforts:sleeping_bag_pink": {
    "criteria": {
      "has_the_recipe": "2024-10-02 00:21:45 +0000"
    },
    "done": true
  },
  "comforts:hammock_light_gray_from_white": {
    "criteria": {
      "has_the_recipe": "2024-10-02 00:21:45 +0000"
    },
    "done": true
  },
  "comforts:sleeping_bag_gray": {
    "criteria": {
      "has_the_recipe": "2024-10-02 00:21:45 +0000"
    },
    "done": true
  },
  "comforts:sleeping_bag_brown": {
    "criteria": {
      "has_the_recipe": "2024-10-02 00:21:45 +0000"
    },
    "done": true
  },
  "naturescompass:natures_compass_sapling": {
    "criteria": {
      "has_recipe": "2024-10-02 00:21:44 +0000"
    },
    "done": true
  },
  "vinery:birch_wine_rack_big": {
    "criteria": {
      "has_the_recipe": "2024-10-02 00:21:45 +0000"
    },
    "done": true
  },
  "comforts:sleeping_bag_light_blue_from_white": {
    "criteria": {
      "has_the_recipe": "2024-10-02 00:21:45 +0000"
    },
    "done": true
  },
  "minecraft:story/root": {
    "criteria": {
      "crafting_table": "2024-10-02 00:36:46 +0000"
    },
    "done": true
  },
  "comforts:hammock_light_blue": {
    "criteria": {
      "has_the_recipe": "2024-10-02 00:21:45 +0000"
    },
    "done": true
  },
  "comforts:rope_and_nail": {
    "criteria": {
      "has_the_recipe": "2024-10-02 00:21:45 +0000"
    },
    "done": true
  },
  "comforts:hammock_magenta": {
    "criteria": {
      "has_the_recipe": "2024-10-02 00:21:45 +0000"
    },
    "done": true
  },
  "vinery:fermentation_barrel": {
    "criteria": {
      "has_the_recipe": "2024-10-02 00:21:45 +0000"
    },
    "done": true
  },
  "vinery:jungle_wine_rack_big": {
    "criteria": {
      "has_the_recipe": "2024-10-02 00:21:45 +0000"
    },
    "done": true
  },
  "vinery:acacia_wine_rack_big": {
    "criteria": {
      "has_the_recipe": "2024-10-02 00:21:45 +0000"
    },
    "done": true
  },
  "vinery:loam_slab": {
    "criteria": {
      "has_the_recipe": "2024-10-02 00:21:45 +0000"
    },
    "done": true
  },
  "betterdungeons:root": {
    "criteria": {
      "always": "2024-10-02 00:21:45 +0000"
    },
    "done": true
  },
  "vinery:cherry_planks": {
    "criteria": {
      "has_the_recipe": "2024-10-02 00:21:45 +0000"
    },
    "done": true
  },
  "vinery:stripped_cherry_wood": {
    "criteria": {
      "has_the_recipe": "2024-10-02 00:21:45 +0000"
    },
    "done": true
  },
  "comforts:sleeping_bag_red": {
    "criteria": {
      "has_the_recipe": "2024-10-02 00:21:45 +0000"
    },
    "done": true
  },
  "comforts:sleeping_bag_red_from_white": {
    "criteria": {
      "has_the_recipe": "2024-10-02 00:21:45 +0000"
    },
    "done": true
  },
  "minecraft:adventure/kill_a_mob": {
    "criteria": {
      "minecraft:zombie": "2024-10-02 00:35:33 +0000"
    },
    "done": true
  },
  "takesapillage:root": {
    "criteria": {
      "always": "2024-10-02 00:21:45 +0000"
    },
    "done": true
  },
  "comforts:sleeping_bag_magenta_from_white": {
    "criteria": {
      "has_the_recipe": "2024-10-02 00:21:45 +0000"
    },
    "done": true
  },
  "byg:root": {
    "criteria": {
      "tick": "2024-10-02 00:21:45 +0000"
    },
    "done": true
  },
  "minecraft:story/obtain_armor": {
    "criteria": {
      "iron_leggings": "2024-10-02 01:35:28 +0000"
    },
    "done": true
  },
  "comforts:hammock_magenta_from_white": {
    "criteria": {
      "has_the_recipe": "2024-10-02 00:21:45 +0000"
    },
    "done": true
  },
  "comforts:sleeping_bag_blue": {
    "criteria": {
      "has_the_recipe": "2024-10-02 00:21:45 +0000"
    },
    "done": true
  },
  "vinery:spruce_wine_rack_big": {
    "criteria": {
      "has_the_recipe": "2024-10-02 00:21:45 +0000"
    },
    "done": true
  },
  "byg:adventure/oh_the_biomes_youll_go": {
    "criteria": {
      "byg:coconino_meadow": "2024-10-02 00:59:37 +0000",
      "byg:prairie": "2024-10-02 00:38:51 +0000",
      "byg:orchard": "2024-10-02 02:28:55 +0000",
      "byg:autumnal_valley": "2024-10-02 01:02:01 +0000",
      "byg:skyris_vale": "2024-10-02 02:41:23 +0000",
      "byg:cherry_blossom_forest": "2024-10-02 02:31:34 +0000",
      "byg:canadian_shield": "2024-10-02 04:21:43 +0000",
      "byg:cardinal_tundra": "2024-10-02 04:05:50 +0000",
      "byg:maple_taiga": "2024-10-02 02:39:19 +0000"
    },
    "done": false
  },
  "comforts:hammock_brown_from_white": {
    "criteria": {
      "has_the_recipe": "2024-10-02 00:21:45 +0000"
    },
    "done": true
  },
  "minecraft:story/mine_stone": {
    "criteria": {
      "get_stone": "2024-10-02 00:49:22 +0000"
    },
    "done": true
  },
  "friendsandfoes:misc/yellow_dye_from_buttercup": {
    "criteria": {
      "has_the_recipe": "2024-10-02 00:21:45 +0000"
    },
    "done": true
  },
  "vinery:vinemaker_apron": {
    "criteria": {
      "has_the_recipe": "2024-10-02 00:21:45 +0000"
    },
    "done": true
  },
  "minecraft:adventure/adventuring_time": {
    "criteria": {
      "minecraft:snowy_slopes": "2024-10-02 03:01:18 +0000",
      "minecraft:frozen_river": "2024-10-02 04:15:11 +0000",
      "minecraft:sunflower_plains": "2024-10-02 00:21:48 +0000",
      "minecraft:beach": "2024-10-02 00:23:24 +0000",
      "minecraft:river": "2024-10-02 00:32:21 +0000",
      "minecraft:snowy_plains": "2024-10-02 04:27:42 +0000",
      "minecraft:grove": "2024-10-02 03:01:16 +0000",
      "minecraft:jagged_peaks": "2024-10-02 04:22:53 +0000",
      "minecraft:forest": "2024-10-02 02:48:19 +0000",
      "minecraft:ice_spikes": "2024-10-02 04:18:02 +0000",
      "minecraft:snowy_beach": "2024-10-02 04:05:55 +0000",
      "minecraft:flower_forest": "2024-10-02 00:33:20 +0000",
      "minecraft:frozen_peaks": "2024-10-02 04:23:32 +0000",
      "minecraft:meadow": "2024-10-02 02:44:50 +0000",
      "minecraft:plains": "2024-10-02 00:52:22 +0000"
    },
    "done": false
  },
  "byg:husbandry/root": {
    "criteria": {
      "consumed_item": "2024-10-02 00:23:55 +0000"
    },
    "done": true
  },
  "comforts:hammock_blue_from_white": {
    "criteria": {
      "has_the_recipe": "2024-10-02 00:21:45 +0000"
    },
    "done": true
  },
  "vinery:loam_stairs": {
    "criteria": {
      "has_the_recipe": "2024-10-02 00:21:45 +0000"
    },
    "done": true
  },
  "minecraft:adventure/sleep_in_bed": {
    "criteria": {
      "slept_in_bed": "2024-10-02 01:25:32 +0000"
    },
    "done": true
  },
  "blue_skies:get_moonstone_shard": {
    "criteria": {
      "obtain_moonstone_shard": "2024-10-02 04:34:19 +0000"
    },
    "done": true
  },
  "comforts:sleeping_bag_gray_from_white": {
    "criteria": {
      "has_the_recipe": "2024-10-02 00:21:45 +0000"
    },
    "done": true
  },
  "minecraft:story/lava_bucket": {
    "criteria": {
      "lava_bucket": "2024-10-02 01:43:27 +0000"
    },
    "done": true
  },
  "vinery:jungle_wine_rack_small": {
    "criteria": {
      "has_the_recipe": "2024-10-02 00:21:45 +0000"
    },
    "done": true
  },
  "comforts:sleeping_bag_orange": {
    "criteria": {
      "has_the_recipe": "2024-10-02 00:21:45 +0000"
    },
    "done": true
  },
  "minecraft:husbandry/root": {
    "criteria": {
      "consumed_item": "2024-10-02 00:23:55 +0000"
    },
    "done": true
  },
  "comforts:sleeping_bag_cyan": {
    "criteria": {
      "has_the_recipe": "2024-10-02 00:21:45 +0000"
    },
    "done": true
  },
  "dungeons_plus:adventure/find_tower": {
    "criteria": {
      "in_structure": "2024-10-02 02:35:13 +0000"
    },
    "done": true
  },
  "comforts:hammock_purple_from_white": {
    "criteria": {
      "has_the_recipe": "2024-10-02 00:21:45 +0000"
    },
    "done": true
  },
  "vinery:oak_wine_rack_big": {
    "criteria": {
      "has_the_recipe": "2024-10-02 00:21:45 +0000"
    },
    "done": true
  },
  "vinery:flower_box": {
    "criteria": {
      "has_the_recipe": "2024-10-02 00:21:45 +0000"
    },
    "done": true
  },
  "minecraft:adventure/root": {
    "criteria": {
      "killed_something": "2024-10-02 00:29:14 +0000"
    },
    "done": true
  },
  "comforts:sleeping_bag_pink_from_white": {
    "criteria": {
      "has_the_recipe": "2024-10-02 00:21:45 +0000"
    },
    "done": true
  },
  "comforts:hammock_red": {
    "criteria": {
      "has_the_recipe": "2024-10-02 00:21:45 +0000"
    },
    "done": true
  },
  "farmersdelight:main/root": {
    "criteria": {
      "seeds": "2024-10-02 00:21:44 +0000"
    },
    "done": true
  },
  "vinery:cherry_door": {
    "criteria": {
      "has_the_recipe": "2024-10-02 00:21:45 +0000"
    },
    "done": true
  },
  "comforts:hammock_black_from_white": {
    "criteria": {
      "has_the_recipe": "2024-10-02 00:21:45 +0000"
    },
    "done": true
  },
  "comforts:sleeping_bag_yellow_from_white": {
    "criteria": {
      "has_the_recipe": "2024-10-02 00:21:45 +0000"
    },
    "done": true
  },
  "vinery:wine_rack_3": {
    "criteria": {
      "has_the_recipe": "2024-10-02 00:21:45 +0000"
    },
    "done": true
  },
  "vinery:wine_rack_5": {
    "criteria": {
      "has_the_recipe": "2024-10-02 00:21:45 +0000"
    },
    "done": true
  },
  "comforts:hammock_gray_from_white": {
    "criteria": {
      "has_the_recipe": "2024-10-02 00:21:45 +0000"
    },
    "done": true
  },
  "vinery:cherry_wood": {
    "criteria": {
      "has_the_recipe": "2024-10-02 00:21:45 +0000"
    },
    "done": true
  },
  "vinery:white_grape_crate": {
    "criteria": {
      "has_the_recipe": "2024-10-02 00:21:45 +0000"
    },
    "done": true
  },
  "minecraft:adventure/kill_all_mobs": {
    "criteria": {
      "minecraft:skeleton": "2024-10-02 01:28:14 +0000",
      "minecraft:spider": "2024-10-02 00:37:03 +0000",
      "minecraft:creeper": "2024-10-02 01:11:15 +0000",
      "minecraft:stray": "2024-10-02 03:02:20 +0000",
      "minecraft:zombie": "2024-10-02 00:35:33 +0000"
    },
    "done": false
  },
  "vinery:cherry_button": {
    "criteria": {
      "has_the_recipe": "2024-10-02 00:21:45 +0000"
    },
    "done": true
  },
  "dungeons_arise:wda_root": {
    "criteria": {
      "WDA": "2024-10-02 00:21:45 +0000"
    },
    "done": true
  },
  "vinery:coarse_dirt_slab": {
    "criteria": {
      "has_the_recipe": "2024-10-02 00:21:45 +0000"
    },
    "done": true
  },
  "vinery:campfire": {
    "criteria": {
      "has_the_recipe": "2024-10-02 00:21:45 +0000"
    },
    "done": true
  },
  "minecraft:adventure/trade": {
    "criteria": {
      "traded": "2024-10-02 04:35:43 +0000"
    },
    "done": true
  },
  "vinery:cherry_floorboard": {
    "criteria": {
      "has_the_recipe": "2024-10-02 00:21:45 +0000"
    },
    "done": true
  },
  "comforts:hammock_green_from_white": {
    "criteria": {
      "has_the_recipe": "2024-10-02 00:21:45 +0000"
    },
    "done": true
  },
  "vinery:shelf": {
    "criteria": {
      "has_the_recipe": "2024-10-02 00:21:45 +0000"
    },
    "done": true
  },
  "comforts:hammock_orange": {
    "criteria": {
      "has_the_recipe": "2024-10-02 00:21:45 +0000"
    },
    "done": true
  },
  "comforts:hammock_lime_from_white": {
    "criteria": {
      "has_the_recipe": "2024-10-02 00:21:45 +0000"
    },
    "done": true
  },
  "vinery:wine_rack_1": {
    "criteria": {
      "has_the_recipe": "2024-10-02 00:21:45 +0000"
    },
    "done": true
  },
  "vinery:cherry_sign": {
    "criteria": {
      "has_the_recipe": "2024-10-02 00:21:45 +0000"
    },
    "done": true
  },
  "vinery:wine_rack_2": {
    "criteria": {
      "has_the_recipe": "2024-10-02 00:21:45 +0000"
    },
    "done": true
  },
  "comforts:hammock_pink": {
    "criteria": {
      "has_the_recipe": "2024-10-02 00:21:45 +0000"
    },
    "done": true
  },
  "comforts:hammock_orange_from_white": {
    "criteria": {
      "has_the_recipe": "2024-10-02 00:21:45 +0000"
    },
    "done": true
  },
  "comforts:sleeping_bag_magenta": {
    "criteria": {
      "has_the_recipe": "2024-10-02 00:21:45 +0000"
    },
    "done": true
  },
  "comforts:sleeping_bag_cyan_from_white": {
    "criteria": {
      "has_the_recipe": "2024-10-02 00:21:45 +0000"
    },
    "done": true
  },
  "frosted_friends:frosted_friends": {
    "criteria": {
      "frosted_friends": "2024-10-02 00:21:44 +0000"
    },
    "done": true
  },
  "comforts:sleeping_bag_light_gray_from_white": {
    "criteria": {
      "has_the_recipe": "2024-10-02 00:21:45 +0000"
    },
    "done": true
  },
  "naturescompass:natures_compass_log": {
    "criteria": {
      "has_recipe": "2024-10-02 00:21:44 +0000"
    },
    "done": true
  },
  "vinery:grapevine_pot": {
    "criteria": {
      "has_the_recipe": "2024-10-02 00:21:45 +0000"
    },
    "done": true
  },
  "comforts:hammock_brown": {
    "criteria": {
      "has_the_recipe": "2024-10-02 00:21:45 +0000"
    },
    "done": true
  },
  "minecraft:story/upgrade_tools": {
    "criteria": {
      "stone_pickaxe": "2024-10-02 00:55:49 +0000"
    },
    "done": true
  },
  "vinery:wine_press": {
    "criteria": {
      "has_the_recipe": "2024-10-02 00:21:45 +0000"
    },
    "done": true
  },
  "alexsmobs:alexsmobs/root": {
    "criteria": {
      "useitem": "2024-10-02 00:23:55 +0000"
    },
    "done": true
  },
  "comforts:hammock_blue": {
    "criteria": {
      "has_the_recipe": "2024-10-02 00:21:45 +0000"
    },
    "done": true
  },
  "comforts:hammock_green": {
    "criteria": {
      "has_the_recipe": "2024-10-02 00:21:45 +0000"
    },
    "done": true
  },
  "minecraft:story/smelt_iron": {
    "criteria": {
      "iron": "2024-10-02 01:22:56 +0000"
    },
    "done": true
  },
  "comforts:hammock_gray": {
    "criteria": {
      "has_the_recipe": "2024-10-02 00:21:45 +0000"
    },
    "done": true
  },
  "immersive_weathering:immersive_weathering/dirts": {
    "criteria": {
      "dirt": "2024-10-02 00:22:08 +0000"
    },
    "done": false
  },
  "repurposed_structures:root": {
    "criteria": {
      "always": "2024-10-02 00:21:45 +0000"
    },
    "done": true
  },
  "vinery:cherry_fence_gate": {
    "criteria": {
      "has_the_recipe": "2024-10-02 00:21:45 +0000"
    },
    "done": true
  },
  "DataVersion": 3120
}